--
-- PostgreSQL database dump
--

-- Dumped from database version 16.4
-- Dumped by pg_dump version 16.4

SET statement_timeout = 0;
SET lock_timeout = 0;
SET idle_in_transaction_session_timeout = 0;
SET client_encoding = 'UTF8';
SET standard_conforming_strings = on;
SELECT pg_catalog.set_config('search_path', '', false);
SET check_function_bodies = false;
SET xmloption = content;
SET client_min_messages = warning;
SET row_security = off;

SET default_tablespace = '';

SET default_table_access_method = heap;

--
-- Name: Answers; Type: TABLE; Schema: public; Owner: postgres
--

CREATE TABLE public."Answers" (
    "Id" integer NOT NULL,
    "QuestionId" integer NOT NULL,
    "Wording" character varying(200) NOT NULL,
    "IsCorrect" boolean NOT NULL
);


ALTER TABLE public."Answers" OWNER TO postgres;

--
-- Name: Answers_Id_seq; Type: SEQUENCE; Schema: public; Owner: postgres
--

ALTER TABLE public."Answers" ALTER COLUMN "Id" ADD GENERATED BY DEFAULT AS IDENTITY (
    SEQUENCE NAME public."Answers_Id_seq"
    START WITH 1
    INCREMENT BY 1
    NO MINVALUE
    NO MAXVALUE
    CACHE 1
);


--
-- Name: AspNetRoleClaims; Type: TABLE; Schema: public; Owner: postgres
--

CREATE TABLE public."AspNetRoleClaims" (
    "Id" integer NOT NULL,
    "RoleId" text NOT NULL,
    "ClaimType" text,
    "ClaimValue" text
);


ALTER TABLE public."AspNetRoleClaims" OWNER TO postgres;

--
-- Name: AspNetRoleClaims_Id_seq; Type: SEQUENCE; Schema: public; Owner: postgres
--

ALTER TABLE public."AspNetRoleClaims" ALTER COLUMN "Id" ADD GENERATED BY DEFAULT AS IDENTITY (
    SEQUENCE NAME public."AspNetRoleClaims_Id_seq"
    START WITH 1
    INCREMENT BY 1
    NO MINVALUE
    NO MAXVALUE
    CACHE 1
);


--
-- Name: AspNetRoles; Type: TABLE; Schema: public; Owner: postgres
--

CREATE TABLE public."AspNetRoles" (
    "Id" text NOT NULL,
    "Name" character varying(256),
    "NormalizedName" character varying(256),
    "ConcurrencyStamp" text
);


ALTER TABLE public."AspNetRoles" OWNER TO postgres;

--
-- Name: AspNetUserClaims; Type: TABLE; Schema: public; Owner: postgres
--

CREATE TABLE public."AspNetUserClaims" (
    "Id" integer NOT NULL,
    "UserId" text NOT NULL,
    "ClaimType" text,
    "ClaimValue" text
);


ALTER TABLE public."AspNetUserClaims" OWNER TO postgres;

--
-- Name: AspNetUserClaims_Id_seq; Type: SEQUENCE; Schema: public; Owner: postgres
--

ALTER TABLE public."AspNetUserClaims" ALTER COLUMN "Id" ADD GENERATED BY DEFAULT AS IDENTITY (
    SEQUENCE NAME public."AspNetUserClaims_Id_seq"
    START WITH 1
    INCREMENT BY 1
    NO MINVALUE
    NO MAXVALUE
    CACHE 1
);


--
-- Name: AspNetUserLogins; Type: TABLE; Schema: public; Owner: postgres
--

CREATE TABLE public."AspNetUserLogins" (
    "LoginProvider" text NOT NULL,
    "ProviderKey" text NOT NULL,
    "ProviderDisplayName" text,
    "UserId" text NOT NULL
);


ALTER TABLE public."AspNetUserLogins" OWNER TO postgres;

--
-- Name: AspNetUserRoles; Type: TABLE; Schema: public; Owner: postgres
--

CREATE TABLE public."AspNetUserRoles" (
    "UserId" text NOT NULL,
    "RoleId" text NOT NULL
);


ALTER TABLE public."AspNetUserRoles" OWNER TO postgres;

--
-- Name: AspNetUserTokens; Type: TABLE; Schema: public; Owner: postgres
--

CREATE TABLE public."AspNetUserTokens" (
    "UserId" text NOT NULL,
    "LoginProvider" text NOT NULL,
    "Name" text NOT NULL,
    "Value" text
);


ALTER TABLE public."AspNetUserTokens" OWNER TO postgres;

--
-- Name: AspNetUsers; Type: TABLE; Schema: public; Owner: postgres
--

CREATE TABLE public."AspNetUsers" (
    "Id" text NOT NULL,
    "UserName" character varying(256),
    "NormalizedUserName" character varying(256),
    "Email" character varying(256),
    "NormalizedEmail" character varying(256),
    "EmailConfirmed" boolean NOT NULL,
    "PasswordHash" text,
    "SecurityStamp" text,
    "ConcurrencyStamp" text,
    "PhoneNumber" text,
    "PhoneNumberConfirmed" boolean NOT NULL,
    "TwoFactorEnabled" boolean NOT NULL,
    "LockoutEnd" timestamp with time zone,
    "LockoutEnabled" boolean NOT NULL,
    "AccessFailedCount" integer NOT NULL
);


ALTER TABLE public."AspNetUsers" OWNER TO postgres;

--
-- Name: CourseCompletions; Type: TABLE; Schema: public; Owner: postgres
--

CREATE TABLE public."CourseCompletions" (
    "Id" integer NOT NULL,
    "CourseId" integer NOT NULL,
    "WorkerId" integer NOT NULL,
    "DateOpen" date NOT NULL,
    "DateCompleted" date,
    "Result" numeric(5,2)
);


ALTER TABLE public."CourseCompletions" OWNER TO postgres;

--
-- Name: CourseCompletions_Id_seq; Type: SEQUENCE; Schema: public; Owner: postgres
--

ALTER TABLE public."CourseCompletions" ALTER COLUMN "Id" ADD GENERATED BY DEFAULT AS IDENTITY (
    SEQUENCE NAME public."CourseCompletions_Id_seq"
    START WITH 1
    INCREMENT BY 1
    NO MINVALUE
    NO MAXVALUE
    CACHE 1
);


--
-- Name: CourseContents; Type: TABLE; Schema: public; Owner: postgres
--

CREATE TABLE public."CourseContents" (
    "Id" integer NOT NULL,
    "CourseId" integer NOT NULL,
    "LinksToTheory" character varying(100000) NOT NULL,
    "Title" character varying(200) DEFAULT ''::character varying NOT NULL
);


ALTER TABLE public."CourseContents" OWNER TO postgres;

--
-- Name: CourseContents_Id_seq; Type: SEQUENCE; Schema: public; Owner: postgres
--

ALTER TABLE public."CourseContents" ALTER COLUMN "Id" ADD GENERATED BY DEFAULT AS IDENTITY (
    SEQUENCE NAME public."CourseContents_Id_seq"
    START WITH 1
    INCREMENT BY 1
    NO MINVALUE
    NO MAXVALUE
    CACHE 1
);


--
-- Name: Courses; Type: TABLE; Schema: public; Owner: postgres
--

CREATE TABLE public."Courses" (
    "Id" integer NOT NULL,
    "Title" character varying(75) NOT NULL,
    "Description" character varying(1000),
    "NumQuestions" integer NOT NULL,
    "MinResult" double precision NOT NULL
);


ALTER TABLE public."Courses" OWNER TO postgres;

--
-- Name: Courses_Id_seq; Type: SEQUENCE; Schema: public; Owner: postgres
--

ALTER TABLE public."Courses" ALTER COLUMN "Id" ADD GENERATED BY DEFAULT AS IDENTITY (
    SEQUENCE NAME public."Courses_Id_seq"
    START WITH 1
    INCREMENT BY 1
    NO MINVALUE
    NO MAXVALUE
    CACHE 1
);


--
-- Name: Departments; Type: TABLE; Schema: public; Owner: postgres
--

CREATE TABLE public."Departments" (
    "Id" integer NOT NULL,
    "Title" character varying(75) NOT NULL,
    "Head" character varying(75) NOT NULL,
    "PhoneNumber" character varying(16) NOT NULL
);


ALTER TABLE public."Departments" OWNER TO postgres;

--
-- Name: Departments_Id_seq; Type: SEQUENCE; Schema: public; Owner: postgres
--

ALTER TABLE public."Departments" ALTER COLUMN "Id" ADD GENERATED BY DEFAULT AS IDENTITY (
    SEQUENCE NAME public."Departments_Id_seq"
    START WITH 1
    INCREMENT BY 1
    NO MINVALUE
    NO MAXVALUE
    CACHE 1
);


--
-- Name: Questions; Type: TABLE; Schema: public; Owner: postgres
--

CREATE TABLE public."Questions" (
    "Id" integer NOT NULL,
    "CourseId" integer NOT NULL,
    "Wording" character varying(200) NOT NULL
);


ALTER TABLE public."Questions" OWNER TO postgres;

--
-- Name: Questions_Id_seq; Type: SEQUENCE; Schema: public; Owner: postgres
--

ALTER TABLE public."Questions" ALTER COLUMN "Id" ADD GENERATED BY DEFAULT AS IDENTITY (
    SEQUENCE NAME public."Questions_Id_seq"
    START WITH 1
    INCREMENT BY 1
    NO MINVALUE
    NO MAXVALUE
    CACHE 1
);


--
-- Name: WorkerPositions; Type: TABLE; Schema: public; Owner: postgres
--

CREATE TABLE public."WorkerPositions" (
    "Id" integer NOT NULL,
    "Title" character varying(50) NOT NULL
);


ALTER TABLE public."WorkerPositions" OWNER TO postgres;

--
-- Name: WorkerPositions_Id_seq; Type: SEQUENCE; Schema: public; Owner: postgres
--

ALTER TABLE public."WorkerPositions" ALTER COLUMN "Id" ADD GENERATED BY DEFAULT AS IDENTITY (
    SEQUENCE NAME public."WorkerPositions_Id_seq"
    START WITH 1
    INCREMENT BY 1
    NO MINVALUE
    NO MAXVALUE
    CACHE 1
);


--
-- Name: Workers; Type: TABLE; Schema: public; Owner: postgres
--

CREATE TABLE public."Workers" (
    "Id" integer NOT NULL,
    "Name" character varying(75) NOT NULL,
    "DateBirth" date NOT NULL,
    "PhoneNumber" character varying(16) NOT NULL,
    "DepartmentId" integer NOT NULL,
    "WorkerPositionId" integer NOT NULL,
    "UserId" text
);


ALTER TABLE public."Workers" OWNER TO postgres;

--
-- Name: Workers_Id_seq; Type: SEQUENCE; Schema: public; Owner: postgres
--

ALTER TABLE public."Workers" ALTER COLUMN "Id" ADD GENERATED BY DEFAULT AS IDENTITY (
    SEQUENCE NAME public."Workers_Id_seq"
    START WITH 1
    INCREMENT BY 1
    NO MINVALUE
    NO MAXVALUE
    CACHE 1
);


--
-- Name: __EFMigrationsHistory; Type: TABLE; Schema: public; Owner: postgres
--

CREATE TABLE public."__EFMigrationsHistory" (
    "MigrationId" character varying(150) NOT NULL,
    "ProductVersion" character varying(32) NOT NULL
);


ALTER TABLE public."__EFMigrationsHistory" OWNER TO postgres;

--
-- Data for Name: Answers; Type: TABLE DATA; Schema: public; Owner: postgres
--

COPY public."Answers" ("Id", "QuestionId", "Wording", "IsCorrect") FROM stdin;
74	22	Таблица параметров	t
75	22	Инструмент «Массив»	f
76	22	Панель слоев	f
6	5	Использование только угля	f
8	5	Отказ от тепловых сетей	f
9	5	Увеличение мощности турбин	f
7	5	Комбинированная выработка тепла и электроэнергии	t
10	6	ISO 14001	f
11	6	ФЗ № 261 «Об энергосбережении»	t
12	6	Парижское соглашение	f
13	6	ГОСТ Р 56828.15-2015	f
14	7	Установка экономайзеров	f
15	7	Внедрение парогазовых установок (ПГУ)	t
16	7	Использование угольных горелок	f
17	7	Монтаж дымовых труб	f
18	8	Утилизация тепла уходящих газов	t
19	8	Охлаждение пара	f
20	8	Замена турбин	f
21	8	Генерация электроэнергии	f
22	9	1-3%	f
23	9	5-10%	t
24	9	30-40%	f
25	9	50-60%	f
26	10	Электроэнергию	f
28	10	Природный газ	f
27	10	Тепловую энергию	t
29	11	Резервная копия данных	f
31	11	Система видеонаблюдения	f
32	11	Датчик температуры	f
30	11	Виртуальная модель для моделирования сценариев	t
33	12	Визуальный контроль	f
34	12	Тепловизионное сканирование	f
35	12	Акустический контроль с корреляционными течеискателями	t
36	12	Рентгенография	f
37	13	Сталь с эпоксидным покрытием	f
38	13	Стеклопластиковый рукав, пропитанный смолой	t
39	13	Медная втулка	f
40	13	Полиэтилен низкого давления (ПНД)	f
41	14	Температуру теплоносителя	f
42	14	Расход теплоносителя в зависимости от нагрузки	t
43	14	Давление в магистрали	f
44	14	Уровень шума в трубопроводах	f
45	15	Генерация электроэнергии	f
46	15	Проектирование, строительство и обслуживание сетей через 3D-моделирование	t
47	15	Утилизация отходов	f
48	15	Ручной контроль качества сварных швов	f
49	16	Только архивные отчеты за прошлые годы	f
50	16	Показания IoT-сенсоров (температура, давление, вибрации)	t
51	16	Результаты визуального осмотра раз в 5 лет	f
52	16	Данные о стоимости теплоносителя	f
53	17	Федеральный закон №190-ФЗ «О теплоснабжении»	f
54	17	Постановление Правительства РФ №808	f
55	17	Постановление Правительства РФ №1290	t
56	17	Федеральный закон №35-ФЗ «Об электроэнергетике»	f
57	18	Амортизация оборудования	f
58	18	Затраты на топливо	f
59	18	Налог на прибыль организации	t
60	18	Заработная плата персонала	f
61	19	Климатические условия	f
62	19	Износ тепловых сетей	f
63	19	Рентабельность конкурентных предприятий региона	t
64	19	Топливный баланс	f
66	20	Зависимость тарифов от цен на топливо	f
67	20	Отсутствие стимулов для снижения издержек у ТСО	t
68	20	Сложность учета износа инфраструктуры	f
69	21	Внедрение SMART-счетчиков	f
70	21	Переход на RAB-регулирование	f
71	21	Введение двухставочных тарифов	f
72	21	Запрет на использование газа в качестве топлива	t
73	22	Дерево модели	f
77	23	Совпадение осей	f
78	23	Расстояние	t
79	23	Параллельность	f
80	23	Угловая зависимость	f
81	24	STEP	f
82	24	STL	f
83	24	PDF	t
84	24	IGES	f
85	25	3D-анимацию движения механизма	f
86	25	Таблицу с перечнем деталей по ГОСТ 2.106-96	t
87	25	Параметрические зависимости между переменными	f
88	25	Чертежи в формате DWG	f
90	26	Исчезают слои чертежа	f
91	26	Невозможно экспортировать файл в STL	f
89	26	Модель не обновляется при изменении переменных	t
92	26	Сборка автоматически разваливается	f
\.


--
-- Data for Name: AspNetRoleClaims; Type: TABLE DATA; Schema: public; Owner: postgres
--

COPY public."AspNetRoleClaims" ("Id", "RoleId", "ClaimType", "ClaimValue") FROM stdin;
\.


--
-- Data for Name: AspNetRoles; Type: TABLE DATA; Schema: public; Owner: postgres
--

COPY public."AspNetRoles" ("Id", "Name", "NormalizedName", "ConcurrencyStamp") FROM stdin;
d4804f22-8875-4a64-9c1b-1d5a3a1f1e5a	Admin	ADMIN	admin-stamp
e5812f33-9966-4b99-8d5b-4d5b4d5b4d5b	HR	HR	hr-stamp
f6924f44-aa77-4c88-9d6c-5d6c5d6c5d6c	Employee	EMPLOYEE	employee-stamp
\.


--
-- Data for Name: AspNetUserClaims; Type: TABLE DATA; Schema: public; Owner: postgres
--

COPY public."AspNetUserClaims" ("Id", "UserId", "ClaimType", "ClaimValue") FROM stdin;
\.


--
-- Data for Name: AspNetUserLogins; Type: TABLE DATA; Schema: public; Owner: postgres
--

COPY public."AspNetUserLogins" ("LoginProvider", "ProviderKey", "ProviderDisplayName", "UserId") FROM stdin;
\.


--
-- Data for Name: AspNetUserRoles; Type: TABLE DATA; Schema: public; Owner: postgres
--

COPY public."AspNetUserRoles" ("UserId", "RoleId") FROM stdin;
a1234b56-789c-0def-1234-567890abcdef	d4804f22-8875-4a64-9c1b-1d5a3a1f1e5a
feb45b2a-4564-4816-82d5-2b31b2e73852	e5812f33-9966-4b99-8d5b-4d5b4d5b4d5b
4abee86c-08f9-4c22-992b-fa2a34dcacb6	e5812f33-9966-4b99-8d5b-4d5b4d5b4d5b
8ed02c07-9747-436c-a25e-f32b8fc0efe1	f6924f44-aa77-4c88-9d6c-5d6c5d6c5d6c
7a2a1716-4eb4-4ab1-a375-0e15a19ae229	f6924f44-aa77-4c88-9d6c-5d6c5d6c5d6c
4ec887b7-6462-4cad-b69a-69afccf3f9ac	f6924f44-aa77-4c88-9d6c-5d6c5d6c5d6c
0c897460-de12-48d6-8b42-8e25fbdf6982	f6924f44-aa77-4c88-9d6c-5d6c5d6c5d6c
d0dd6dd7-c004-4b3c-8e91-efcfe8b9b8d6	f6924f44-aa77-4c88-9d6c-5d6c5d6c5d6c
86180ada-fc95-44c1-9693-fd70745c0454	f6924f44-aa77-4c88-9d6c-5d6c5d6c5d6c
ab81de59-3f23-4b7a-a758-18805ef920ac	f6924f44-aa77-4c88-9d6c-5d6c5d6c5d6c
4c3d4fd7-c48a-402a-90ef-13f1646adbc6	e5812f33-9966-4b99-8d5b-4d5b4d5b4d5b
\.


--
-- Data for Name: AspNetUserTokens; Type: TABLE DATA; Schema: public; Owner: postgres
--

COPY public."AspNetUserTokens" ("UserId", "LoginProvider", "Name", "Value") FROM stdin;
\.


--
-- Data for Name: AspNetUsers; Type: TABLE DATA; Schema: public; Owner: postgres
--

COPY public."AspNetUsers" ("Id", "UserName", "NormalizedUserName", "Email", "NormalizedEmail", "EmailConfirmed", "PasswordHash", "SecurityStamp", "ConcurrencyStamp", "PhoneNumber", "PhoneNumberConfirmed", "TwoFactorEnabled", "LockoutEnd", "LockoutEnabled", "AccessFailedCount") FROM stdin;
a1234b56-789c-0def-1234-567890abcdef	Admin	ADMIN	admin@admin.com	ADMIN@ADMIN.COM	t	AQAAAAIAAYagAAAAEKCm2i9hxAyKRj6NlWjBmd2MqhGKu6NDJLnHQENmFcRedHf8iySytHYTs1l+fwhw8Q==	security-stamp	user-stamp	\N	f	f	\N	f	0
ab81de59-3f23-4b7a-a758-18805ef920ac	User1	USER1	User1@email.com	USER1@EMAIL.COM	f	AQAAAAIAAYagAAAAELenpX+Jl/gpbUg1oQYJQ3UgxMW5iP6zKjhtwZX5fOEly2NzDx3StnODOkPNlnAWBQ==	FXHTUAQFVJJ3SWICHJHSF6IJG42VP25H	dbab1b88-918e-413d-84c4-aa62f0d4a724	\N	f	f	\N	t	0
4c3d4fd7-c48a-402a-90ef-13f1646adbc6	TestUser	TESTUSER	TestUser@email.com	TESTUSER@EMAIL.COM	f	AQAAAAIAAYagAAAAEEzce52HvtVz4gshkxGneJMikqKJkMW5QW0HkwiOSaByuccE7IzW0GzODoYuhpqQOQ==	MRHXTOXMZDD7Z7DPX3GYJQYYRR7WWU23	48fe2966-c398-488b-bb8d-a755958711ce	\N	f	f	\N	t	0
feb45b2a-4564-4816-82d5-2b31b2e73852	Romanov	ROMANOV	Romanov@email.com	ROMANOV@EMAIL.COM	f	AQAAAAIAAYagAAAAEAcYYN5siZaZe6Zuo4ReqWe+YqJllK0Yz1PbDz6IqoKgW5V5rYmREDJyk7nCwHkuAw==	F3UTD7N543QNCRSSDHVQOEEWCSPLN2WE	9ccd070a-65bd-486c-8a31-275a71fb84c3	\N	f	f	\N	t	0
4abee86c-08f9-4c22-992b-fa2a34dcacb6	Svetlova	SVETLOVA	Svetlova@email.com	SVETLOVA@EMAIL.COM	f	AQAAAAIAAYagAAAAEAc0CEKAdhabQ0w11FPWWGqgppmfhyZEX1B2VS+wJ/HNC/dswQGXaBFWn12yjuRQfg==	XK32FMPGEPVAGSVAT7LCSFHGGJBGFRIR	bc920311-350d-4909-a6b2-a9b20fbb30c2	\N	f	f	\N	t	0
8ed02c07-9747-436c-a25e-f32b8fc0efe1	Zaitsev	ZAITSEV	Zaitsev@email.com	ZAITSEV@EMAIL.COM	f	AQAAAAIAAYagAAAAEEV8J3n6i2wLcUeyz/ugnm2wC9e5PphHIV8wYEbQhB59CTQH52Te4B93xqdE6aH4ww==	7AHCAACNCMAYF5UD4CUOZBJOWCNCSC3A	c41c5722-635c-45be-9b97-d67810802c15	\N	f	f	\N	t	0
7a2a1716-4eb4-4ab1-a375-0e15a19ae229	Volkova	VOLKOVA	Volkova@email.com	VOLKOVA@EMAIL.COM	f	AQAAAAIAAYagAAAAEEz/hXv7uCnax6YL6SgMey7PxifEaDlYy0s4vIFcqeMQKMhChwA7wnpmScVZa3G2OQ==	K4WGCN4EXYPMRBJO6BWQPJYSE4QCFT2T	18eabf17-ef53-4209-ae7d-b7228d063a42	\N	f	f	\N	t	0
4ec887b7-6462-4cad-b69a-69afccf3f9ac	Petrenko	PETRENKO	Petrenko@email.com	PETRENKO@EMAIL.COM	f	AQAAAAIAAYagAAAAEF3etF19APcmT6vIVzLyZ9RVRU4Wkvic8YZXJyfouuJDulNva9LYjLXbAICahXC6Yw==	A5UDH6JAE6LNDAHF3PQNKZVF5KLQAZFK	c3902b89-d5bb-4a03-9a90-a5b9a0bd6f5d	\N	f	f	\N	t	0
0c897460-de12-48d6-8b42-8e25fbdf6982	Egorov	EGOROV	Egorov@email.com	EGOROV@EMAIL.COM	f	AQAAAAIAAYagAAAAEKdIAZ2eTgB7TgrWwM8QCWzqolyrHy1mL7da+9IqUqW4OnjKHUHq5ICSfyqDB/KphA==	VG37N5YZ73ZVSDDBR7XBQMO666B33APO	d85f5483-5688-400c-a6e2-f4f345828da4	\N	f	f	\N	t	0
d0dd6dd7-c004-4b3c-8e91-efcfe8b9b8d6	Belov	BELOV	Belov@email.com	BELOV@EMAIL.COM	f	AQAAAAIAAYagAAAAEMQ6lSm7tFMF2jm3XeLvDxj9AjgEAs4X2CmSCJaZe4e4cVkhefHS6RwKoX2HTpF8nQ==	YM4YA6JCNC5VFWNWILWJKLOXYJYI7UJN	06ecb220-1f08-4602-9bf9-2767bdbd0023	\N	f	f	\N	t	0
86180ada-fc95-44c1-9693-fd70745c0454	Nikolaev	NIKOLAEV	Nikolaev@email.com	NIKOLAEV@EMAIL.COM	f	AQAAAAIAAYagAAAAEO0Ec9bCQYb1/ayS9YghFU3YR3fE1u/xJGBwK22+Ajctg1MU3f2W3rNKGuU78fFMFA==	AX2WW6AIW4B262BQHH2AACSQSGNIOMQW	2354862f-c153-479b-96b0-4e7fdf06f8e4	\N	f	f	\N	t	0
\.


--
-- Data for Name: CourseCompletions; Type: TABLE DATA; Schema: public; Owner: postgres
--

COPY public."CourseCompletions" ("Id", "CourseId", "WorkerId", "DateOpen", "DateCompleted", "Result") FROM stdin;
9	4	6	2025-01-02	2025-05-03	100.00
11	4	9	2025-02-01	2025-05-03	60.00
12	5	6	2025-02-02	2025-05-03	80.00
13	5	11	2025-01-01	2025-05-03	60.00
14	4	11	2025-05-01	2025-05-04	80.00
18	4	10	2025-01-01	\N	\N
22	6	6	2025-05-21	2025-05-21	75.00
\.


--
-- Data for Name: CourseContents; Type: TABLE DATA; Schema: public; Owner: postgres
--

COPY public."CourseContents" ("Id", "CourseId", "LinksToTheory", "Title") FROM stdin;
10	4	<p>Теплоэлектроцентрали (ТЭЦ) играют ключевую роль в энергосистеме, обеспечивая комбинированную выработку электроэнергии и тепла. Их главное преимущество &mdash; высокий общий КПД (до 80&ndash;90%), достигаемый за счёт использования тепла, которое на конденсационных электростанциях теряется. Однако даже при такой эффективности потенциал энергосбережения на ТЭЦ остаётся значительным. Оптимизация их работы позволяет снизить затраты на топливо, уменьшить экологическую нагрузку и повысить надёжность энергоснабжения. Рассмотрим основные принципы и направления энергосбережения на ТЭЦ.</p>\r\n<hr>\r\n<h3><strong>1. Принципы энергосбережения на ТЭЦ</strong></h3>\r\n<p>Энергосбережение на ТЭЦ базируется на трёх ключевых принципах:</p>\r\n<ol start="1">\r\n<li>\r\n<p><strong>Минимизация потерь энергии</strong>&nbsp;на всех этапах преобразования:</p>\r\n<ul>\r\n<li>\r\n<p>В котлах: неполное сгорание топлива, утечки тепла через стенки, высокие температуры уходящих газов.</p>\r\n</li>\r\n<li>\r\n<p>В турбинах: механические потери, неоптимальные параметры пара (давление, температура).</p>\r\n</li>\r\n<li>\r\n<p>В тепловых сетях: недостаточная изоляция трубопроводов, гидравлические дисбалансы.</p>\r\n</li>\r\n</ul>\r\n</li>\r\n<li>\r\n<p><strong>Повторное использование энергии</strong>, например:</p>\r\n<ul>\r\n<li>\r\n<p>Утилизация тепла дымовых газов для подогрева питательной воды (экономайзеры).</p>\r\n</li>\r\n<li>\r\n<p>Применение тепловых насосов для повышения температуры обратной сетевой воды.</p>\r\n</li>\r\n</ul>\r\n</li>\r\n<li>\r\n<p><strong>Оптимизация режимов работы</strong>&nbsp;с помощью:</p>\r\n<ul>\r\n<li>\r\n<p>Автоматизированных систем управления (АСУ ТП).</p>\r\n</li>\r\n<li>\r\n<p>Перехода на переменные нагрузки вместо постоянных.</p>\r\n</li>\r\n</ul>\r\n</li>\r\n</ol>\r\n<p><strong>Пример:</strong><br>Замена устаревших турбин на современные с регулируемыми соплами позволяет сократить потери на 10&ndash;15%, а установка рекуператоров для утилизации тепла уходящих газов &mdash; повысить КПД котла на 5&ndash;7%.</p>\r\n<hr>\r\n<h3><strong>2. Потенциал энергосбережения</strong></h3>\r\n<p>По данным Минэнерго РФ, средний КПД российских ТЭЦ составляет 45&ndash;55%, тогда как мировой уровень достигает 60&ndash;65%. Это указывает на значительный потенциал для модернизации. Основные направления:</p>\r\n<h4><strong>2.1. Модернизация оборудования</strong></h4>\r\n<ul>\r\n<li>\r\n<p><strong>Котлы:</strong></p>\r\n<ul>\r\n<li>\r\n<p>Внедрение горелок с низким выбросом NOx.</p>\r\n</li>\r\n<li>\r\n<p>Использование материалов, устойчивых к высоким температурам (например, керамические покрытия).</p>\r\n</li>\r\n</ul>\r\n</li>\r\n<li>\r\n<p><strong>Турбины:</strong></p>\r\n<ul>\r\n<li>\r\n<p>Замена лопаток на адаптивные конструкции, снижающие вибрацию.</p>\r\n</li>\r\n<li>\r\n<p>Внедрение парогазовых циклов (ПГУ) с КПД до 60%.</p>\r\n</li>\r\n</ul>\r\n</li>\r\n<li>\r\n<p><strong>Тепловые сети:</strong></p>\r\n<ul>\r\n<li>\r\n<p>Переход на предизолированные трубы с пенополиуретановой изоляцией (снижение потерь тепла в 2&ndash;3 раза).</p>\r\n</li>\r\n</ul>\r\n</li>\r\n</ul>\r\n<h4><strong>2.2. Цифровизация и интеллектуальное управление</strong></h4>\r\n<ul>\r\n<li>\r\n<p><strong>Системы мониторинга:</strong></p>\r\n<ul>\r\n<li>\r\n<p>Датчики температуры, давления и расхода в режиме реального времени.</p>\r\n</li>\r\n<li>\r\n<p>Прогнозирование нагрузок с использованием искусственного интеллекта.</p>\r\n</li>\r\n</ul>\r\n</li>\r\n<li>\r\n<p><strong>Предиктивная аналитика:</strong></p>\r\n<ul>\r\n<li>\r\n<p>Заблаговременное выявление износа оборудования (например, трещин в роторах турбин).</p>\r\n</li>\r\n</ul>\r\n</li>\r\n</ul>\r\n<h4><strong>2.3. Интеграция ВИЭ и гибридных систем</strong></h4>\r\n<ul>\r\n<li>\r\n<p><strong>Солнечные коллекторы</strong>&nbsp;для подогрева воды перед подачей в котлы.</p>\r\n</li>\r\n<li>\r\n<p><strong>Биогазовые установки</strong>, использующие отходы производства (например, древесную щепу).</p>\r\n</li>\r\n</ul>\r\n<p><strong>Пример:</strong><br>На ТЭЦ-26 (Москва) внедрение системы цифрового управления нагрузкой снизило расход газа на 8%, а интеграция солнечных коллекторов позволила экономить 3&ndash;5% тепловой энергии летом.</p>\r\n<hr>\r\n<h3><strong>3. Нормативная база и экономические механизмы</strong></h3>\r\n<p>Энергосбережение на ТЭЦ регулируется рядом документов:</p>\r\n<ul>\r\n<li>\r\n<p><strong>Международные стандарты:</strong></p>\r\n<ul>\r\n<li>\r\n<p>ISO 50001 (требования к системам энергоменеджмента).</p>\r\n</li>\r\n<li>\r\n<p>Директива ЕС 2010/75/EU (снижение выбросов от сжигания топлива).</p>\r\n</li>\r\n</ul>\r\n</li>\r\n<li>\r\n<p><strong>Российские законы:</strong></p>\r\n<ul>\r\n<li>\r\n<p>ФЗ № 261 &laquo;Об энергосбережении&raquo; (обязательный энергоаудит каждые 5 лет).</p>\r\n</li>\r\n<li>\r\n<p>Постановление № 1620 &laquo;О модернизации ТЭЦ&raquo; (цель &mdash; повысить средний КПД до 60% к 2030 году).</p>\r\n</li>\r\n</ul>\r\n</li>\r\n</ul>\r\n<p><strong>Финансовые инструменты:</strong></p>\r\n<ul>\r\n<li>\r\n<p><strong>ESCO-контракты:</strong>&nbsp;Компании-подрядчики финансируют модернизацию, получая долю от сэкономленных средств.</p>\r\n</li>\r\n<li>\r\n<p><strong>Субсидии:</strong>&nbsp;Например, программа &laquo;Энергоэффективность и зелёная энергетика&raquo; ВЭБ.РФ.</p>\r\n</li>\r\n</ul>\r\n<hr>\r\n<h3><strong>4. Ограничения и вызовы</strong></h3>\r\n<ul>\r\n<li>\r\n<p><strong>Высокая стоимость модернизации.</strong>&nbsp;Например, установка ПГУ требует инвестиций в 1,5&ndash;2 млрд рублей на 100 МВт.</p>\r\n</li>\r\n<li>\r\n<p><strong>Технологические риски:</strong>&nbsp;Не все решения, эффективные за рубежом, применимы в условиях российского климата.</p>\r\n</li>\r\n<li>\r\n<p><strong>Кадровый дефицит:</strong>&nbsp;Нехватка специалистов, способных работать с цифровыми системами управления.</p>\r\n</li>\r\n</ul>	Основы энергосбережения на ТЭЦ: принципы и потенциал
11	4	<p><strong>Модернизация основного оборудования ТЭЦ: технологии повышения эффективности</strong></p>\r\n<p>Модернизация основного оборудования ТЭЦ &mdash; ключевое направление для повышения энергоэффективности и снижения эксплуатационных затрат. Внедрение новых материалов, инновационных конструкций и технологий утилизации тепла позволяет значительно увеличить КПД энергоблоков, сократить выбросы и адаптировать ТЭЦ к современным экологическим требованиям. Рассмотрим три главных аспекта модернизации.</p>\r\n<hr>\r\n<h3><strong>1. Повышение КПД турбин и котлов за счёт новых материалов и конструкций</strong></h3>\r\n<p><strong>Проблема:</strong>&nbsp;Устаревшие турбины и котлы теряют до 20&ndash;30% энергии из-за износа, неоптимальной геометрии каналов и низкой термостойкости материалов.</p>\r\n<p><strong>Решения:</strong></p>\r\n<ul>\r\n<li>\r\n<p><strong>Турбины:</strong></p>\r\n<ul>\r\n<li>\r\n<p><strong>Адаптивные лопатки</strong>&nbsp;из монокристаллических сплавов (например, никель-хромовые), выдерживающие температуры до 1500&deg;C. Это позволяет повысить КПД цикла за счёт увеличения начальной температуры пара.</p>\r\n</li>\r\n<li>\r\n<p><strong>Регулируемые сопловые аппараты</strong>&nbsp;для оптимизации потока пара на частичных нагрузках (снижение потерь на 10&ndash;15%).</p>\r\n</li>\r\n<li>\r\n<p><strong>Покрытия с низкой шероховатостью</strong>&nbsp;на внутренних поверхностях, уменьшающие гидравлическое сопротивление.</p>\r\n</li>\r\n</ul>\r\n</li>\r\n<li>\r\n<p><strong>Котлы:</strong></p>\r\n<ul>\r\n<li>\r\n<p><strong>Керамические теплообменники</strong>&nbsp;для утилизации тепла уходящих газов (повышение КПД на 5&ndash;7%).</p>\r\n</li>\r\n<li>\r\n<p><strong>Горелки с низким уровнем NOx</strong>, обеспечивающие полное сгорание топлива при минимальных выбросах.</p>\r\n</li>\r\n<li>\r\n<p><strong>Системы интеллектуальной подачи воздуха</strong>, регулирующие соотношение &laquo;топливо-воздух&raquo; в реальном времени.</p>\r\n</li>\r\n</ul>\r\n</li>\r\n</ul>\r\n<p><strong>Пример:</strong><br>На Новосибирской ТЭЦ-5 замена лопаток турбины на керамико-металлические композиты повысила КПД турбины с 82% до 88%, сократив годовое потребление угля на 12 тыс. тонн.</p>\r\n<hr>\r\n<h3><strong>2. Внедрение парогазовых технологий (ПГУ) и когенерации</strong></h3>\r\n<p><strong>Принцип работы ПГУ:</strong><br>Парогазовая установка объединяет газовую и паровую турбины в единый цикл:</p>\r\n<ol start="1">\r\n<li>\r\n<p>Газовая турбина вырабатывает электроэнергию, а её выхлопные газы (температура ~500&deg;C) направляются в котёл-утилизатор.</p>\r\n</li>\r\n<li>\r\n<p>Котёл-утилизатор производит пар, который вращает паровую турбину.<br><strong>Результат:</strong>&nbsp;КПД цикла достигает 60&ndash;62% (против 35&ndash;40% у традиционных паротурбинных установок).</p>\r\n</li>\r\n</ol>\r\n<p><strong>Преимущества когенерации:</strong></p>\r\n<ul>\r\n<li>\r\n<p>Одновременная выработка электроэнергии и тепла с КПД до 90%.</p>\r\n</li>\r\n<li>\r\n<p>Гибкость: возможность работы на газе, биотопливе или водороде.</p>\r\n</li>\r\n</ul>\r\n<p><strong>Кейс:</strong><br>ПГУ-450 на ТЭЦ-16 (Москва) мощностью 450 МВт обеспечивает теплом 500 тыс. жителей. После запуска блока выбросы СО₂ снизились на 30%, а себестоимость электроэнергии &mdash; на 25%.</p>\r\n<p><strong>Проблемы внедрения:</strong></p>\r\n<ul>\r\n<li>\r\n<p>Высокие капитальные затраты (1&ndash;1.5 млн евро/МВт).</p>\r\n</li>\r\n<li>\r\n<p>Требования к качеству топлива (минимум серы в газе).</p>\r\n</li>\r\n</ul>\r\n<hr>\r\n<h3><strong>3. Утилизация сбросного тепла</strong></h3>\r\n<p>Тепловые потери на ТЭЦ достигают 15&ndash;25% от общей выработки. Современные технологии позволяют возвращать эту энергию в цикл.</p>\r\n<h4><strong>3.1. Рекуператоры</strong></h4>\r\n<ul>\r\n<li>\r\n<p><strong>Принцип:</strong>&nbsp;Тепло уходящих газов (200&ndash;400&deg;C) передаётся питательной воде или воздуху, подаваемому в котёл.</p>\r\n</li>\r\n<li>\r\n<p><strong>Эффект:</strong>&nbsp;Повышение КПД котла на 4&ndash;6%.</p>\r\n</li>\r\n<li>\r\n<p><strong>Пример:</strong>&nbsp;Установка экономайзеров на ТЭЦ-9 (Санкт-Петербург) сократила расход газа на 8 млн м&sup3;/год.</p>\r\n</li>\r\n</ul>\r\n<h4><strong>3.2. Тепловые насосы</strong></h4>\r\n<ul>\r\n<li>\r\n<p><strong>Принцип:</strong>&nbsp;&laquo;Подкачка&raquo; низкопотенциального тепла (например, от обратной сетевой воды с температурой 40&ndash;60&deg;C) до уровня 80&ndash;90&deg;C для повторного использования.</p>\r\n</li>\r\n<li>\r\n<p><strong>Эффект:</strong>&nbsp;Экономия 10&ndash;15% тепловой энергии.</p>\r\n</li>\r\n<li>\r\n<p><strong>Кейс:</strong>&nbsp;На ТЭЦ в Стокгольме тепловые насосы мощностью 200 МВт утилизируют тепло от серверных ферм, обеспечивая отопление 30 тыс. домов.</p>\r\n</li>\r\n</ul>\r\n<h4><strong>3.3. Абсорбционные холодильники</strong></h4>\r\n<ul>\r\n<li>\r\n<p><strong>Принцип:</strong>&nbsp;Использование сбросного тепла (пар, горячая вода) для выработки холода в системах кондиционирования.</p>\r\n</li>\r\n<li>\r\n<p><strong>Эффект:</strong>&nbsp;Замена электрических чиллеров снижает энергопотребление на 40&ndash;50%.</p>\r\n</li>\r\n<li>\r\n<p><strong>Пример:</strong>&nbsp;На ТЭЦ &laquo;Луч&raquo; (Казань) абсорбционные холодильники мощностью 5 МВт охлаждают административные зоны, экономя 3.5 ГВт&middot;ч электроэнергии в год.</p>\r\n</li>\r\n</ul>\r\n<hr>\r\n<h3><strong>Экономика модернизации</strong></h3>\r\n<ul>\r\n<li>\r\n<p><strong>Срок окупаемости:</strong></p>\r\n<ul>\r\n<li>\r\n<p>Рекуператоры: 2&ndash;3 года.</p>\r\n</li>\r\n<li>\r\n<p>ПГУ: 5&ndash;7 лет.</p>\r\n</li>\r\n<li>\r\n<p>Тепловые насосы: 4&ndash;6 лет.</p>\r\n</li>\r\n</ul>\r\n</li>\r\n<li>\r\n<p><strong>Государственная поддержка:</strong></p>\r\n<ul>\r\n<li>\r\n<p>Субсидии на НИОКР (до 50% затрат).</p>\r\n</li>\r\n<li>\r\n<p>Ускоренная амортизация для энергоэффективного оборудования (ФЗ № 261).</p>\r\n</li>\r\n</ul>\r\n</li>\r\n</ul>	Модернизация основного оборудования
12	4	<p>Интеграция ВИЭ в работу ТЭЦ &mdash; это не только ответ на экологические вызовы, но и способ повысить экономическую эффективность станций. Гибридные системы, сочетающие традиционную генерацию с возобновляемыми источниками и накопителями, позволяют снизить зависимость от ископаемого топлива, оптимизировать нагрузку и сократить углеродный след. Рассмотрим ключевые направления такой интеграции.</p>\r\n<hr>\r\n<h3><strong>1. Совмещение ТЭЦ с солнечными коллекторами, биогазовыми установками и геотермальными источниками</strong></h3>\r\n<h4><strong>1.1. Солнечные коллекторы</strong></h4>\r\n<ul>\r\n<li>\r\n<p><strong>Принцип работы:</strong><br>Солнечные коллекторы преобразуют солнечную энергию в тепло, которое используется для подогрева питательной воды или сетевой воды перед подачей в котлы.</p>\r\n</li>\r\n<li>\r\n<p><strong>Преимущества:</strong></p>\r\n<ul>\r\n<li>\r\n<p>Снижение расхода топлива на 5&ndash;10% в летний период.</p>\r\n</li>\r\n<li>\r\n<p>Уменьшение выбросов CO₂ на 15&ndash;20 тонн/год на 1 МВт установленной мощности.</p>\r\n</li>\r\n</ul>\r\n</li>\r\n<li>\r\n<p><strong>Пример:</strong><br>На ТЭЦ в Омске солнечные коллекторы площадью 2000 м&sup2; обеспечивают 20% тепловой нагрузки в межотопительный сезон, экономя 1.2 млн м&sup3; газа ежегодно.</p>\r\n</li>\r\n</ul>\r\n<h4><strong>1.2. Биогазовые установки</strong></h4>\r\n<ul>\r\n<li>\r\n<p><strong>Принцип работы:</strong><br>Органические отходы (агроотходы, канализационные стоки) перерабатываются в биогаз (содержание метана &mdash; 50&ndash;70%), который подаётся в газовые котлы или турбины ТЭЦ.</p>\r\n</li>\r\n<li>\r\n<p><strong>Преимущества:</strong></p>\r\n<ul>\r\n<li>\r\n<p>Утилизация отходов и сокращение полигонных захоронений.</p>\r\n</li>\r\n<li>\r\n<p>Замена до 30% природного газа в топливном балансе.</p>\r\n</li>\r\n</ul>\r\n</li>\r\n<li>\r\n<p><strong>Кейс:</strong><br>ТЭЦ в Белгороде совместно с биогазовой станцией мощностью 10 МВт использует отходы птицефабрик, замещая 15 млн м&sup3; газа в год.</p>\r\n</li>\r\n</ul>\r\n<h4><strong>1.3. Геотермальные источники</strong></h4>\r\n<ul>\r\n<li>\r\n<p><strong>Принцип работы:</strong><br>Геотермальные скважины (глубина 1&ndash;3 км) подают горячую воду или пар (80&ndash;150&deg;C) в тепловую сеть ТЭЦ либо для предварительного подогрева теплоносителя.</p>\r\n</li>\r\n<li>\r\n<p><strong>Преимущества:</strong></p>\r\n<ul>\r\n<li>\r\n<p>Стабильная выработка тепла независимо от времени года.</p>\r\n</li>\r\n<li>\r\n<p>Снижение эксплуатационных затрат на 20&ndash;25%.</p>\r\n</li>\r\n</ul>\r\n</li>\r\n<li>\r\n<p><strong>Пример:</strong><br>Мутновская ГеоТЭС (Камчатка) интегрирована с местной ТЭЦ: геотермальный пар покрывает 40% тепловой нагрузки, сокращая потребление мазута на 50 тыс. тонн/год.</p>\r\n</li>\r\n</ul>\r\n<hr>\r\n<h3><strong>2. Накопители энергии: аккумуляторы и системы хранения тепла</strong></h3>\r\n<h4><strong>2.1. Электрические накопители (аккумуляторы)</strong></h4>\r\n<ul>\r\n<li>\r\n<p><strong>Технологии:</strong></p>\r\n<ul>\r\n<li>\r\n<p>Литий-ионные аккумуляторы (быстрый отклик, КПД 85&ndash;90%).</p>\r\n</li>\r\n<li>\r\n<p>Проточные редокс-батареи (долгий срок службы, подходят для долгосрочного хранения).</p>\r\n</li>\r\n</ul>\r\n</li>\r\n<li>\r\n<p><strong>Применение на ТЭЦ:</strong></p>\r\n<ul>\r\n<li>\r\n<p>Сглаживание пиковых нагрузок: накопление избыточной электроэнергии днём для покрытия вечернего пика.</p>\r\n</li>\r\n<li>\r\n<p>Резервирование мощности при авариях.</p>\r\n</li>\r\n</ul>\r\n</li>\r\n<li>\r\n<p><strong>Пример:</strong><br>ТЭЦ в Калифорнии (США) использует аккумуляторный массив Tesla Powerpack (20 МВт&middot;ч), что позволило сократить использование дизель-генераторов на 70%.</p>\r\n</li>\r\n</ul>\r\n<h4><strong>2.2. Системы хранения тепла</strong></h4>\r\n<ul>\r\n<li>\r\n<p><strong>Технологии:</strong></p>\r\n<ul>\r\n<li>\r\n<p><strong>Резервуары с расплавленной солью:</strong>&nbsp;Тепло сохраняется при температуре до 565&deg;C для последующего использования в паровых циклах.</p>\r\n</li>\r\n<li>\r\n<p><strong>Аккумуляторы на основе бетона или камня:</strong>&nbsp;Накопление тепла от избыточной генерации или солнечных коллекторов.</p>\r\n</li>\r\n</ul>\r\n</li>\r\n<li>\r\n<p><strong>Преимущества:</strong></p>\r\n<ul>\r\n<li>\r\n<p>Увеличение КПД ТЭЦ на 8&ndash;12% за счёт работы в оптимальном режиме.</p>\r\n</li>\r\n<li>\r\n<p>Сокращение выбросов за счёт снижения циклов &laquo;старт-стоп&raquo; оборудования.</p>\r\n</li>\r\n</ul>\r\n</li>\r\n<li>\r\n<p><strong>Кейс:</strong><br>ТЭЦ в Дании (г. Ольборг) использует бетонный тепловой аккумулятор объемом 600 м&sup3;, который хранит избыточное тепло от ВЭУ и солнечных коллекторов, обеспечивая 10% годовой тепловой нагрузки.</p>\r\n</li>\r\n</ul>\r\n<hr>\r\n<h3><strong>3. Управление нагрузкой при работе с нестабильными ВИЭ</strong></h3>\r\n<h4><strong>3.1. Прогнозирование генерации</strong></h4>\r\n<ul>\r\n<li>\r\n<p><strong>Инструменты:</strong></p>\r\n<ul>\r\n<li>\r\n<p>Искусственный интеллект для анализа погодных данных (например, прогнозирование облачности для солнечных панелей).</p>\r\n</li>\r\n<li>\r\n<p>Цифровые двойники ВИЭ-установок для моделирования сценариев.</p>\r\n</li>\r\n</ul>\r\n</li>\r\n<li>\r\n<p><strong>Эффект:</strong><br>Погрешность прогноза снижается с 20% до 5%, что позволяет оптимизировать загрузку ТЭЦ.</p>\r\n</li>\r\n</ul>\r\n<h4><strong>3.2. Гибридные системы управления</strong></h4>\r\n<ul>\r\n<li>\r\n<p><strong>Принцип:</strong><br>Автоматизированное перераспределение нагрузки между ВИЭ, накопителями и традиционными турбинами.</p>\r\n</li>\r\n<li>\r\n<p><strong>Пример:</strong><br>На ТЭЦ в Финляндии алгоритм на базе машинного обучения в реальном времени регулирует долю ветрогенерации (до 30%), тепловых насосов и газовых котлов, сокращая углеродный след на 25%.</p>\r\n</li>\r\n</ul>\r\n<h4><strong>3.3. Взаимодействие с сетью</strong></h4>\r\n<ul>\r\n<li>\r\n<p><strong>Динамическое ценообразование:</strong><br>ТЭЦ увеличивает генерацию в часы высоких тарифов, используя накопленную энергию.</p>\r\n</li>\r\n<li>\r\n<p><strong>Виртуальные электростанции (VPP):</strong><br>Объединение ТЭЦ, ВИЭ и накопителей в единую сеть для балансировки спроса и предложения.</p>\r\n</li>\r\n</ul>\r\n<hr>\r\n<h3><strong>Экономика и вызовы</strong></h3>\r\n<ul>\r\n<li>\r\n<p><strong>Срок окупаемости гибридных систем:</strong></p>\r\n<ul>\r\n<li>\r\n<p>Солнечные коллекторы: 4&ndash;6 лет.</p>\r\n</li>\r\n<li>\r\n<p>Аккумуляторы: 7&ndash;10 лет (с учётом субсидий).</p>\r\n</li>\r\n</ul>\r\n</li>\r\n<li>\r\n<p><strong>Господдержка:</strong></p>\r\n<ul>\r\n<li>\r\n<p>&laquo;Зелёные&raquo; тарифы для ВИЭ-проектов (например, в РФ &mdash; программа ДПМ ВИЭ).</p>\r\n</li>\r\n<li>\r\n<p>Налоговые льготы для гибридных систем (отмена НДС, ускоренная амортизация).</p>\r\n</li>\r\n</ul>\r\n</li>\r\n<li>\r\n<p><strong>Проблемы:</strong></p>\r\n<ul>\r\n<li>\r\n<p>Высокие капитальные затраты на интеграцию ВИЭ.</p>\r\n</li>\r\n<li>\r\n<p>Недостаток нормативной базы для двусторонних энергопотоков (например, продажа избытков в сеть)</p>\r\n</li>\r\n</ul>\r\n</li>\r\n</ul>	Интеграция возобновляемых источников энергии (ВИЭ) и гибридные системы
13	4	<p>Внедрение цифровых технологий и систем автоматизации кардинально меняет подход к управлению ТЭЦ, превращая их в &laquo;умные&raquo; энергообъекты. Эти решения позволяют не только повысить эффективность, но и предупреждать аварии, сокращать издержки и адаптироваться к динамичным условиям энергорынка. Рассмотрим ключевые направления цифровизации.</p>\r\n<hr>\r\n<h3><strong>1. Системы интеллектуального управления (АСУ ТП и предиктивная аналитика)</strong></h3>\r\n<h4><strong>1.1. Автоматизированные системы управления технологическими процессами (АСУ ТП)</strong></h4>\r\n<ul>\r\n<li>\r\n<p><strong>Функции:</strong></p>\r\n<ul>\r\n<li>\r\n<p>Управление котлами, турбинами, насосами в автоматическом режиме.</p>\r\n</li>\r\n<li>\r\n<p>Стабилизация параметров (давление, температура, расход пара) без вмешательства оператора.</p>\r\n</li>\r\n</ul>\r\n</li>\r\n<li>\r\n<p><strong>Компоненты:</strong></p>\r\n<ul>\r\n<li>\r\n<p>SCADA-системы (например, Siemens WinCC, Schneider Electric EcoStruxure).</p>\r\n</li>\r\n<li>\r\n<p>ПЛК (программируемые логические контроллеры) для локального управления.</p>\r\n</li>\r\n</ul>\r\n</li>\r\n<li>\r\n<p><strong>Пример:</strong><br>На ТЭЦ-23 (Москва) внедрение АСУ ТП сократило количество аварийных остановов на 40% за счёт автоматической корректировки режимов при скачках нагрузки.</p>\r\n</li>\r\n</ul>\r\n<h4><strong>1.2. Предиктивная аналитика</strong></h4>\r\n<ul>\r\n<li>\r\n<p><strong>Принцип работы:</strong><br>Анализ данных с датчиков (вибрация, температура, давление) для прогнозирования износа оборудования.</p>\r\n</li>\r\n<li>\r\n<p><strong>Инструменты:</strong></p>\r\n<ul>\r\n<li>\r\n<p>Машинное обучение (алгоритмы Random Forest, нейросети LSTM).</p>\r\n</li>\r\n<li>\r\n<p>Цифровые двойники оборудования для моделирования сценариев.</p>\r\n</li>\r\n</ul>\r\n</li>\r\n<li>\r\n<p><strong>Кейс:</strong><br>На ТЭЦ в Германии предиктивная модель для паровой турбины выявила риск разрушения лопаток за 3 месяца до поломки, предотвратив убытки в &euro;2 млн.</p>\r\n</li>\r\n</ul>\r\n<hr>\r\n<h3><strong>2. Оптимизация режимов работы с использованием AI и Big Data</strong></h3>\r\n<h4><strong>2.1. Алгоритмы машинного обучения для управления нагрузкой</strong></h4>\r\n<ul>\r\n<li>\r\n<p><strong>Задачи:</strong></p>\r\n<ul>\r\n<li>\r\n<p>Прогнозирование суточной/сезонной нагрузки на основе исторических данных и погодных условий.</p>\r\n</li>\r\n<li>\r\n<p>Оптимизация распределения энергии между турбинами, котлами и накопителями.</p>\r\n</li>\r\n</ul>\r\n</li>\r\n<li>\r\n<p><strong>Пример:</strong><br>Алгоритм DeepMind на ТЭЦ в Великобритании снизил расход топлива на 12%, анализируя 10 млн параметров в режиме реального времени.</p>\r\n</li>\r\n</ul>\r\n<h4><strong>2.2. Big Data в энергетике</strong></h4>\r\n<ul>\r\n<li>\r\n<p><strong>Источники данных:</strong></p>\r\n<ul>\r\n<li>\r\n<p>Показания 50 000+ датчиков на ТЭЦ (температура, давление, вибрация).</p>\r\n</li>\r\n<li>\r\n<p>Внешние данные: цены на топливо, прогнозы спроса, погода.</p>\r\n</li>\r\n</ul>\r\n</li>\r\n<li>\r\n<p><strong>Инструменты анализа:</strong></p>\r\n<ul>\r\n<li>\r\n<p>Платформы Hadoop и Apache Spark для обработки петабайтов данных.</p>\r\n</li>\r\n<li>\r\n<p>Графовые базы данных для моделирования энергосетей.</p>\r\n</li>\r\n</ul>\r\n</li>\r\n</ul>\r\n<p><strong>Кейс:</strong><br>Компания GE использует платформу Predix для анализа данных с ТЭЦ в США. Это позволило сократить незапланированные простои на 25%, а затраты на техобслуживание &mdash; на 18%.</p>\r\n<hr>\r\n<h3><strong>3. Мониторинг энергопотребления в режиме реального времени</strong></h3>\r\n<h4><strong>3.1. IoT-датчики и облачные платформы</strong></h4>\r\n<ul>\r\n<li>\r\n<p><strong>Технологии:</strong></p>\r\n<ul>\r\n<li>\r\n<p>Беспроводные датчики LoRaWAN для удалённых участков.</p>\r\n</li>\r\n<li>\r\n<p>Облачные системы (Microsoft Azure IoT, AWS IoT) для агрегации данных.</p>\r\n</li>\r\n</ul>\r\n</li>\r\n<li>\r\n<p><strong>Преимущества:</strong></p>\r\n<ul>\r\n<li>\r\n<p>Выявление утечек тепла в трубопроводах за 10&ndash;15 минут (вместо 2&ndash;3 дней).</p>\r\n</li>\r\n<li>\r\n<p>Контроль качества топлива (например, содержание серы в газе).</p>\r\n</li>\r\n</ul>\r\n</li>\r\n</ul>\r\n<h4><strong>3.2. Визуализация и аналитические панели</strong></h4>\r\n<ul>\r\n<li>\r\n<p><strong>Инструменты:</strong></p>\r\n<ul>\r\n<li>\r\n<p>Dashboards на базе Tableau или Power BI.</p>\r\n</li>\r\n<li>\r\n<p>3D-карты тепловых потерь в режиме реального времени.</p>\r\n</li>\r\n</ul>\r\n</li>\r\n<li>\r\n<p><strong>Пример:</strong><br>На ТЭЦ в Сингапуре система визуализации выявила перегрев электрогенератора, что предотвратило возгорание и сэкономило $500 тыс.</p>\r\n</li>\r\n</ul>\r\n<hr>\r\n<h3><strong>Экономика и вызовы</strong></h3>\r\n<ul>\r\n<li>\r\n<p><strong>Срок окупаемости цифровых решений:</strong></p>\r\n<ul>\r\n<li>\r\n<p>Внедрение AI-алгоритмов: 1&ndash;3 года.</p>\r\n</li>\r\n<li>\r\n<p>Установка IoT-датчиков: 6&ndash;12 месяцев.</p>\r\n</li>\r\n</ul>\r\n</li>\r\n<li>\r\n<p><strong>Государственная поддержка:</strong></p>\r\n<ul>\r\n<li>\r\n<p>Программа &laquo;Цифровая энергетика&raquo; (РФ): субсидии до 30% на закупку ПО.</p>\r\n</li>\r\n<li>\r\n<p>Гранты на разработку цифровых двойников (ЕС, Horizon Europe).</p>\r\n</li>\r\n</ul>\r\n</li>\r\n<li>\r\n<p><strong>Проблемы:</strong></p>\r\n<ul>\r\n<li>\r\n<p><strong>Кибербезопасность:</strong>&nbsp;Риски хакерских атак на АСУ ТП (например, атака на украинскую энергосистему в 2015 г.).</p>\r\n</li>\r\n<li>\r\n<p><strong>Кадры:</strong>&nbsp;Дефицит IT-специалистов, способных работать с AI и Big Data.</p>\r\n</li>\r\n</ul>\r\n</li>\r\n</ul>	Цифровые технологии и автоматизация
15	5	<p>Ремонт тепловых сетей сегодня &mdash; это не только устранение аварий, но и внедрение решений, которые продлевают срок службы трубопроводов, сокращают затраты и исключают необходимость масштабных земляных работ. Современные материалы и технологии позволяют проводить ремонт без остановки подачи тепла, что критически важно для городской инфраструктуры. Рассмотрим ключевые направления.</p>\r\n<hr>\r\n<h4><strong>1. Применение композитных материалов и полимерных втулок</strong></h4>\r\n<p>Композитные материалы (например, стеклопластик, углеродное волокно) и полимерные втулки стали основой для бестраншейного ремонта. Их преимущества:</p>\r\n<ul>\r\n<li>\r\n<p><strong>Устойчивость к коррозии</strong>&nbsp;&mdash; в отличие от металла, композиты не ржавеют даже при контакте с агрессивными средами.</p>\r\n</li>\r\n<li>\r\n<p><strong>Гибкость</strong>&nbsp;&mdash; материалы адаптируются к деформациям грунта, снижая риск разрывов.</p>\r\n</li>\r\n<li>\r\n<p><strong>Скорость монтажа</strong>&nbsp;&mdash; установка втулки занимает 4-8 часов, в зависимости от диаметра трубы.</p>\r\n</li>\r\n</ul>\r\n<p><strong>Технологии применения</strong>:</p>\r\n<ul>\r\n<li>\r\n<p><strong>Метод намотки</strong>: послойное нанесение пропитанной смолой ткани на поврежденный участок с последующей полимеризацией.</p>\r\n</li>\r\n<li>\r\n<p><strong>Экспандерные втулки</strong>: вставка гибкой полимерной муфты, которая расширяется под давлением, герметизируя трещины.</p>\r\n</li>\r\n</ul>\r\n<p><strong>Таблица 1: Сравнение материалов для ремонта</strong></p>\r\n<div>\r\n<table style="width: max-content;">\r\n<thead>\r\n<tr>\r\n<th>Материал</th>\r\n<th>Срок службы</th>\r\n<th>Макс. температура</th>\r\n<th>Сфера применения</th>\r\n</tr>\r\n</thead>\r\n<tbody>\r\n<tr>\r\n<td>Стеклопластик</td>\r\n<td>50+ лет</td>\r\n<td>150&deg;C</td>\r\n<td>Магистральные трубопроводы</td>\r\n</tr>\r\n<tr>\r\n<td>Эпоксидные смолы</td>\r\n<td>30 лет</td>\r\n<td>120&deg;C</td>\r\n<td>Локальный ремонт стыков</td>\r\n</tr>\r\n<tr>\r\n<td>Полиэтилен (HDPE)</td>\r\n<td>40 лет</td>\r\n<td>80&deg;C</td>\r\n<td>Внутриквартальные сети</td>\r\n</tr>\r\n</tbody>\r\n</table>\r\n</div>\r\n<hr>\r\n<h4><strong>2. Бестраншейные методы ремонта</strong></h4>\r\n<p>Эти технологии исключают необходимость раскопок, что особенно важно в городских условиях. Основные методы:</p>\r\n<ol start="1">\r\n<li>\r\n<p><strong>Санация труб методом CIPP (Cured-In-Place Pipe)</strong>:</p>\r\n<ul>\r\n<li>\r\n<p>В поврежденную трубу вводится рукав из пропитанного смолой материала (например, войлока).</p>\r\n</li>\r\n<li>\r\n<p>Смола полимеризуется под действием горячей воды или УФ-излучения, формируя новую трубу внутри старой.</p>\r\n</li>\r\n<li>\r\n<p><strong>Преимущества</strong>: восстановление диаметра, устранение коррозии и свищей.</p>\r\n</li>\r\n</ul>\r\n</li>\r\n<li>\r\n<p><strong>Горизонтальное бурение (HDD)</strong>:</p>\r\n<ul>\r\n<li>\r\n<p>Прокладка новых труб параллельно аварийным без нарушения поверхности.</p>\r\n</li>\r\n<li>\r\n<p>Используется для замены участков под дорогами или зданиями.</p>\r\n</li>\r\n</ul>\r\n</li>\r\n<li>\r\n<p><strong>Локальный ремонт роботами</strong>:</p>\r\n<ul>\r\n<li>\r\n<p>Роботизированные установки заделывают трещины композитными материалами изнутри трубы.</p>\r\n</li>\r\n</ul>\r\n</li>\r\n</ol>\r\n<p><strong>Список преимуществ бестраншейных технологий</strong>:</p>\r\n<ul>\r\n<li>\r\n<p>Сокращение сроков работ на 60-80%.</p>\r\n</li>\r\n<li>\r\n<p>Минимизация ущерба для ландшафта и инфраструктуры.</p>\r\n</li>\r\n<li>\r\n<p>Возможность ремонта зимой без остановки отопления.</p>\r\n</li>\r\n</ul>\r\n<hr>\r\n<h4><strong>3. Технологии санации труб</strong></h4>\r\n<p>Помимо CIPP, применяются и другие методы восстановления:</p>\r\n<ul>\r\n<li>\r\n<p><strong>Нанесение защитных покрытий</strong>:</p>\r\n<ul>\r\n<li>\r\n<p>Внутренняя поверхность труб очищается от коррозии, затем покрывается эпоксидными или полиуретановыми составами.</p>\r\n</li>\r\n<li>\r\n<p><strong>Результат</strong>: гладкий слой, снижающий гидравлическое сопротивление и предотвращающий накипь.</p>\r\n</li>\r\n</ul>\r\n</li>\r\n<li>\r\n<p><strong>Метод термореактивных лент</strong>:</p>\r\n<ul>\r\n<li>\r\n<p>Обмотка поврежденных участков лентами, которые затвердевают при контакте с водой или воздухом.</p>\r\n</li>\r\n</ul>\r\n</li>\r\n</ul>\r\n<p><strong>Пример процесса санации</strong>:</p>\r\n<ol start="1">\r\n<li>\r\n<p>Диагностика (видеокамеры, УЗИ).</p>\r\n</li>\r\n<li>\r\n<p>Механическая очистка трубы от отложений.</p>\r\n</li>\r\n<li>\r\n<p>Нанесение защитного покрытия или установка рукава CIPP.</p>\r\n</li>\r\n<li>\r\n<p>Контроль качества методом тепловизионного сканирования.</p>\r\n</li>\r\n</ol>\r\n<hr>\r\n<h4><strong>4. Автоматизированные системы мониторинга</strong></h4>\r\n<p>Интеграция IoT-сенсоров и цифровых двойников переводит обслуживание теплосетей на предиктивный уровень:</p>\r\n<ul>\r\n<li>\r\n<p><strong>IoT-датчики</strong>:</p>\r\n<ul>\r\n<li>\r\n<p>Измеряют температуру, давление, вибрации и влажность в режиме реального времени.</p>\r\n</li>\r\n<li>\r\n<p>Передают данные в облачные системы (например,&nbsp;<strong>Azure IoT Hub</strong>).</p>\r\n</li>\r\n</ul>\r\n</li>\r\n<li>\r\n<p><strong>Цифровые двойники</strong>:</p>\r\n<ul>\r\n<li>\r\n<p>3D-модель теплотрассы, которая симулирует работу сети, прогнозирует износ и аварии.</p>\r\n</li>\r\n<li>\r\n<p>Пример: программные платформы&nbsp;<strong>Siemens MindSphere</strong>&nbsp;или&nbsp;<strong>GE Predix</strong>.</p>\r\n</li>\r\n</ul>\r\n</li>\r\n</ul>\r\n<p><strong>Таблица 2: Параметры, отслеживаемые IoT-системами</strong></p>\r\n<div>\r\n<table style="width: max-content;">\r\n<thead>\r\n<tr>\r\n<th>Параметр</th>\r\n<th>Тип датчика</th>\r\n<th>Цель мониторинга</th>\r\n</tr>\r\n</thead>\r\n<tbody>\r\n<tr>\r\n<td>Температура</td>\r\n<td>Термопары</td>\r\n<td>Обнаружение утечек, контроль изоляции</td>\r\n</tr>\r\n<tr>\r\n<td>Давление</td>\r\n<td>Пьезоэлектрические</td>\r\n<td>Выявление засоров, разрывов</td>\r\n</tr>\r\n<tr>\r\n<td>Вибрации</td>\r\n<td>Акселерометры</td>\r\n<td>Диагностика деформаций опор</td>\r\n</tr>\r\n<tr>\r\n<td>Уровень коррозии</td>\r\n<td>Электрохимические</td>\r\n<td>Прогнозирование остаточного ресурса</td>\r\n</tr>\r\n</tbody>\r\n</table>\r\n</div>\r\n<hr>\r\n<h4><strong>5. Практические мастер-классы</strong></h4>\r\n<p>Курс включает отработку навыков на реальных кейсах:</p>\r\n<ul>\r\n<li>\r\n<p><strong>Ремонт без остановки подачи тепла</strong>:</p>\r\n<ul>\r\n<li>\r\n<p>Установка временных байпасных линий.</p>\r\n</li>\r\n<li>\r\n<p>Использование быстротвердеющих композитов (например,&nbsp;<strong>BELZONA 1111</strong>).</p>\r\n</li>\r\n</ul>\r\n</li>\r\n<li>\r\n<p><strong>Работа с &laquo;умными&raquo; запорными механизмами</strong>:</p>\r\n<ul>\r\n<li>\r\n<p>Автоматические задвижки с дистанционным управлением (например,&nbsp;<strong>AUMA SA</strong>).</p>\r\n</li>\r\n<li>\r\n<p>Тренировка по переключению потоков в аварийных ситуациях.</p>\r\n</li>\r\n</ul>\r\n</li>\r\n</ul>\r\n<p><strong>Кейс: Ликвидация утечки в магистрали диаметром 800 мм</strong></p>\r\n<ul>\r\n<li>\r\n<p><strong>Проблема</strong>: Утечка на пересечении с ж/д путями. Раскопки невозможны.</p>\r\n</li>\r\n<li>\r\n<p><strong>Решение</strong>:</p>\r\n<ol start="1">\r\n<li>\r\n<p>Установка полимерной втулки методом CIPP.</p>\r\n</li>\r\n<li>\r\n<p>Монтаж датчиков давления для контроля.</p>\r\n</li>\r\n</ol>\r\n</li>\r\n<li>\r\n<p><strong>Итог</strong>: Ремонт за 12 часов, сохранение теплоснабжения микрорайона.</p>\r\n</li>\r\n</ul>	Современные материалы и технологии ремонта тепловых сетей
16	5	<p>Современные тепловые сети сталкиваются с вызовами: рост тарифов на энергоресурсы, ужесточение экологических норм и старение инфраструктуры. Оптимизация их работы требует перехода от традиционных методов к интеллектуальным системам, которые снижают потери, повышают надежность и интегрируют "зеленые" технологии. Рассмотрим ключевые инструменты и стратегии.</p>\r\n<hr>\r\n<h4><strong>1. Внедрение энергосберегающих технологий</strong></h4>\r\n<p><strong>Динамическая балансировка</strong>&nbsp;&mdash; это автоматическая регулировка расхода теплоносителя в зависимости от реальной нагрузки на сеть. Технология устраняет дисбаланс, когда одни зоны перегреваются, а другие недополучают тепло.</p>\r\n<ul>\r\n<li>\r\n<p><strong>Принцип работы</strong>:</p>\r\n<ul>\r\n<li>\r\n<p>Умные клапаны с датчиками давления и температуры корректируют подачу в режиме реального времени.</p>\r\n</li>\r\n<li>\r\n<p>Алгоритмы на базе AI анализируют данные погоды, потребления и состояния труб.</p>\r\n</li>\r\n</ul>\r\n</li>\r\n<li>\r\n<p><strong>Эффект</strong>: Снижение энергопотерь на 15-25%, равномерный прогрев объектов.</p>\r\n</li>\r\n</ul>\r\n<p><strong>Адаптивные режимы работы</strong>&nbsp;подразумевают гибкое управление параметрами сети:</p>\r\n<ul>\r\n<li>\r\n<p>Ночное снижение температуры в магистралях при отсутствии нагрузки.</p>\r\n</li>\r\n<li>\r\n<p>Приоритетное использование низкотемпературных источников (например, тепловых насосов).</p>\r\n</li>\r\n</ul>\r\n<p><strong>Таблица 1: Сравнение технологий энергосбережения</strong></p>\r\n<div>\r\n<table style="width: max-content;">\r\n<thead>\r\n<tr>\r\n<th>Технология</th>\r\n<th>Экономия энергии</th>\r\n<th>Срок окупаемости</th>\r\n<th>Пример реализации</th>\r\n</tr>\r\n</thead>\r\n<tbody>\r\n<tr>\r\n<td>Динамическая балансировка</td>\r\n<td>15-25%</td>\r\n<td>1-2 года</td>\r\n<td>Система&nbsp;<strong>Danfoss AB-QM</strong></td>\r\n</tr>\r\n<tr>\r\n<td>Тепловые насосы</td>\r\n<td>30-40%</td>\r\n<td>3-5 лет</td>\r\n<td>Геотермальные установки</td>\r\n</tr>\r\n<tr>\r\n<td>Рекуперация тепла</td>\r\n<td>10-15%</td>\r\n<td>2-3 года</td>\r\n<td>Утилизация тепла стоков, вентиляции</td>\r\n</tr>\r\n</tbody>\r\n</table>\r\n</div>\r\n<hr>\r\n<h4><strong>2. Интеграция возобновляемых источников энергии (ВИЭ)</strong></h4>\r\n<p>Теплоснабжение постепенно переходит от ископаемого топлива к гибридным системам. Основные направления:</p>\r\n<ol start="1">\r\n<li>\r\n<p><strong>Солнечные тепловые коллекторы</strong>:</p>\r\n<ul>\r\n<li>\r\n<p>Устанавливаются на крышах котельных или в полях.</p>\r\n</li>\r\n<li>\r\n<p>Летом покрывают до 70% нагрузки ГВС, зимой &mdash; 10-20%.</p>\r\n</li>\r\n</ul>\r\n</li>\r\n<li>\r\n<p><strong>Биоэнергетика</strong>:</p>\r\n<ul>\r\n<li>\r\n<p>Использование биогаза из отходов или пеллет для котлов.</p>\r\n</li>\r\n<li>\r\n<p>Пример: котельная в г. Уппсала (Швеция), работающая на лесных отходах.</p>\r\n</li>\r\n</ul>\r\n</li>\r\n<li>\r\n<p><strong>Тепловые насосы</strong>:</p>\r\n<ul>\r\n<li>\r\n<p>Извлекают низкопотенциальное тепло из грунта, воздуха или воды.</p>\r\n</li>\r\n<li>\r\n<p>Коэффициент эффективности (COP) достигает 4-5.</p>\r\n</li>\r\n</ul>\r\n</li>\r\n</ol>\r\n<p><strong>Список преимуществ ВИЭ для теплосетей</strong>:</p>\r\n<ul>\r\n<li>\r\n<p>Сокращение выбросов CO₂ на 40-60%.</p>\r\n</li>\r\n<li>\r\n<p>Независимость от колебаний цен на газ и уголь.</p>\r\n</li>\r\n<li>\r\n<p>Возможность участия в "зеленых" аукционах и получения субсидий.</p>\r\n</li>\r\n</ul>\r\n<hr>\r\n<h4><strong>3. BIM-технологии в жизненном цикле сетей</strong></h4>\r\n<p>Building Information Modeling (BIM) &mdash; это цифровое проектирование, которое объединяет данные о конструкции, материалах и эксплуатации в единой 3D-модели.</p>\r\n<p><strong>Этапы применения BIM</strong>:</p>\r\n<ol start="1">\r\n<li>\r\n<p><strong>Проектирование</strong>:</p>\r\n<ul>\r\n<li>\r\n<p>Конфликт-анализ: обнаружение коллизий между трубами, кабелями и другими коммуникациями.</p>\r\n</li>\r\n<li>\r\n<p>Расчет теплопотерь и гидравлических сопротивлений.</p>\r\n</li>\r\n</ul>\r\n</li>\r\n<li>\r\n<p><strong>Строительство</strong>:</p>\r\n<ul>\r\n<li>\r\n<p>Контроль монтажа через AR-очки с наложением BIM-модели на реальный объект.</p>\r\n</li>\r\n</ul>\r\n</li>\r\n<li>\r\n<p><strong>Эксплуатация</strong>:</p>\r\n<ul>\r\n<li>\r\n<p>Визуализация износа труб, плановых ремонтов и аварийных зон.</p>\r\n</li>\r\n</ul>\r\n</li>\r\n</ol>\r\n<p><strong>Кейс</strong>: Реконструкция теплосети в Берлине с использованием BIM:</p>\r\n<ul>\r\n<li>\r\n<p>Снижение сроков проекта на 20% за счет автоматизации расчетов.</p>\r\n</li>\r\n<li>\r\n<p>Уменьшение ошибок при монтаже на 35%.</p>\r\n</li>\r\n</ul>\r\n<hr>\r\n<h4><strong>4. Предиктивное обслуживание и анализ Big Data</strong></h4>\r\n<p>Предиктивные системы предсказывают аварии до их возникновения, анализируя данные с датчиков и исторические паттерны.</p>\r\n<p><strong>Компоненты системы</strong>:</p>\r\n<ul>\r\n<li>\r\n<p><strong>IoT-сенсоры</strong>: Собирают данные о температуре, давлении, вибрациях и коррозии.</p>\r\n</li>\r\n<li>\r\n<p><strong>Цифровые двойники</strong>: Виртуальные копии сетей для тестирования сценариев.</p>\r\n</li>\r\n<li>\r\n<p><strong>Machine Learning</strong>: Алгоритмы выявляют аномалии (например, рост вибраций перед разрывом).</p>\r\n</li>\r\n</ul>\r\n<p><strong>Таблица 2: Параметры для предиктивного анализа</strong></p>\r\n<div>\r\n<table style="width: max-content;">\r\n<thead>\r\n<tr>\r\n<th>Параметр</th>\r\n<th>Источник данных</th>\r\n<th>Риск, который выявляет</th>\r\n</tr>\r\n</thead>\r\n<tbody>\r\n<tr>\r\n<td>Скорость коррозии</td>\r\n<td>Электрохимические датчики</td>\r\n<td>Разрушение стенок труб</td>\r\n</tr>\r\n<tr>\r\n<td>Перепады давления</td>\r\n<td>Датчики давления</td>\r\n<td>Утечки, засоры</td>\r\n</tr>\r\n<tr>\r\n<td>Температурные скачки</td>\r\n<td>Термопары</td>\r\n<td>Деформации, повреждение изоляции</td>\r\n</tr>\r\n<tr>\r\n<td>Уровень шума</td>\r\n<td>Акселерометры</td>\r\n<td>Вибрации опор, кавитация</td>\r\n</tr>\r\n</tbody>\r\n</table>\r\n</div>\r\n<p><strong>Пример</strong>: Система&nbsp;<strong>Schneider Electric EcoStruxure</strong>&nbsp;прогнозирует износ оборудования с точностью до 90%, сокращая простои на 50%.</p>\r\n<hr>\r\n<h4><strong>5. Кейсы интеграции инноваций</strong></h4>\r\n<p><strong>Кейс 1: Внедрение цифрового двойника в г. Хельсинки</strong></p>\r\n<ul>\r\n<li>\r\n<p><strong>Цель</strong>: Оптимизация работы сети с 5000 потребителей.</p>\r\n</li>\r\n<li>\r\n<p><strong>Решение</strong>:</p>\r\n<ul>\r\n<li>\r\n<p>Создание цифровой модели, интегрированной с погодными данными.</p>\r\n</li>\r\n<li>\r\n<p>Автоматическая регулировка температуры в зависимости от прогноза.</p>\r\n</li>\r\n</ul>\r\n</li>\r\n<li>\r\n<p><strong>Итог</strong>: Снижение потребления газа на 18%, повышение комфорта пользователей.</p>\r\n</li>\r\n</ul>\r\n<p><strong>Кейс 2: Предиктивный ремонт в Москве</strong></p>\r\n<ul>\r\n<li>\r\n<p><strong>Проблема</strong>: Частые аварии на участках с износом 70%.</p>\r\n</li>\r\n<li>\r\n<p><strong>Решение</strong>:</p>\r\n<ul>\r\n<li>\r\n<p>Установка 2000 IoT-датчиков и обучение нейросети на данных за 10 лет.</p>\r\n</li>\r\n<li>\r\n<p>Приоритизация ремонтов по уровню критичности.</p>\r\n</li>\r\n</ul>\r\n</li>\r\n<li>\r\n<p><strong>Итог</strong>: Сокращение аварий на 40% за первый год.</p>\r\n</li>\r\n</ul>	Оптимизация эксплуатации тепловых сетей: энергоэффективность и инновации
14	5	<p>Диагностика тепловых сетей &mdash; это ключевой этап в обеспечении их надежности и долговечности. Современные методы контроля позволяют выявлять дефекты на ранних стадиях, минимизируя риск аварий и сокращая затраты на ремонт. В рамках курса рассматриваются три основных подхода:&nbsp;<strong>визуальный</strong>,&nbsp;<strong>тепловизионный</strong>&nbsp;и&nbsp;<strong>акустический</strong>&nbsp;контроль, а также их комбинация для комплексной оценки состояния трубопроводов.</p>\r\n<hr>\r\n<h4><strong>1. Технологии контроля: визуальный, тепловизионный и акустический методы</strong></h4>\r\n<p><strong>Визуальный контроль</strong>&nbsp;&mdash; базовый метод, включающий осмотр поверхности труб, сварных швов, опор и изоляции. Он проводится с помощью эндоскопов, камер для труднодоступных участков и дронов для масштабных трасс. Основные признаки проблем:</p>\r\n<ul>\r\n<li>\r\n<p>Трещины, вздутия или отслоение изоляции.</p>\r\n</li>\r\n<li>\r\n<p>Коррозийные пятна, подтеки на стенках труб.</p>\r\n</li>\r\n<li>\r\n<p>Деформации опорных конструкций.</p>\r\n</li>\r\n</ul>\r\n<p><strong>Тепловизионный контроль</strong>&nbsp;использует инфракрасные камеры для анализа температурных аномалий. Например:</p>\r\n<ul>\r\n<li>\r\n<p>Утечки теплоносителя проявляются локальным повышением температуры.</p>\r\n</li>\r\n<li>\r\n<p>Повреждение изоляции приводит к неравномерному распределению тепла.</p>\r\n</li>\r\n<li>\r\n<p>Засоры или снижение пропускной способности фиксируются как "холодные зоны".</p>\r\n</li>\r\n</ul>\r\n<p><strong>Акустический метод</strong>&nbsp;базируется на регистрации шумов, возникающих при утечках или деформациях. Для этого применяются:</p>\r\n<ul>\r\n<li>\r\n<p>Корреляционные течеискатели, определяющие место утечки по разнице времени прихода звука к датчикам.</p>\r\n</li>\r\n<li>\r\n<p>Пьезоэлектрические датчики для выявления микротрещин.</p>\r\n</li>\r\n</ul>\r\n<p><strong>Таблица 1: Сравнение методов диагностики</strong></p>\r\n<div>\r\n<table style="width: 987px;">\r\n<thead>\r\n<tr>\r\n<th style="width: 116.484px;">Метод</th>\r\n<th style="width: 308.781px;">Преимущества</th>\r\n<th style="width: 259.672px;">Ограничения</th>\r\n<th style="width: 245.938px;">Применение</th>\r\n</tr>\r\n</thead>\r\n<tbody>\r\n<tr>\r\n<td style="width: 116.484px;">Визуальный</td>\r\n<td style="width: 308.781px;">Низкая стоимость, простота реализации</td>\r\n<td style="width: 259.672px;">Не выявляет скрытые дефекты</td>\r\n<td style="width: 245.938px;">Первичный осмотр, доступные участки</td>\r\n</tr>\r\n<tr>\r\n<td style="width: 116.484px;">Тепловизионный</td>\r\n<td style="width: 308.781px;">Высокая точность, бесконтактный способ</td>\r\n<td style="width: 259.672px;">Зависит от погодных условий</td>\r\n<td style="width: 245.938px;">Поиск утечек, оценка изоляции</td>\r\n</tr>\r\n<tr>\r\n<td style="width: 116.484px;">Акустический</td>\r\n<td style="width: 308.781px;">Обнаружение скрытых утечек, высокая скорость</td>\r\n<td style="width: 259.672px;">Требует тишины, сложен в шумных зонах</td>\r\n<td style="width: 245.938px;">Трубопроводы под землей, в тоннелях</td>\r\n</tr>\r\n</tbody>\r\n</table>\r\n</div>\r\n<hr>\r\n<h4><strong>2. Анализ типовых неисправностей</strong></h4>\r\n<p>Тепловые сети подвержены ряду дефектов, которые требуют системного подхода к диагностике:</p>\r\n<ol start="1">\r\n<li>\r\n<p><strong>Коррозия</strong>&nbsp;&mdash; главный враг металлических труб.</p>\r\n<ul>\r\n<li>\r\n<p><strong>Причины</strong>: контакт с грунтовыми водами, блуждающие токи, химические реакции.</p>\r\n</li>\r\n<li>\r\n<p><strong>Последствия</strong>: снижение толщины стенок, риск разрывов.</p>\r\n</li>\r\n<li>\r\n<p><strong>Выявление</strong>: ультразвуковая толщинометрия, рентгенография.</p>\r\n</li>\r\n</ul>\r\n</li>\r\n<li>\r\n<p><strong>Утечки</strong>&nbsp;&mdash; чаще возникают в местах сварных соединений или коррозийных очагов.</p>\r\n<ul>\r\n<li>\r\n<p><strong>Причины</strong>: механические повреждения, вибрации, перепады давления.</p>\r\n</li>\r\n<li>\r\n<p><strong>Последствия</strong>: потеря теплоносителя, заболачивание грунта.</p>\r\n</li>\r\n<li>\r\n<p><strong>Выявление</strong>: акустические течеискатели, газовые анализаторы (для выявления пара).</p>\r\n</li>\r\n</ul>\r\n</li>\r\n<li>\r\n<p><strong>Повреждение изоляции</strong>&nbsp;&mdash; приводит к теплопотерям до 30%.</p>\r\n<ul>\r\n<li>\r\n<p><strong>Причины</strong>: старение материалов, воздействие влаги, грызуны.</p>\r\n</li>\r\n<li>\r\n<p><strong>Выявление</strong>: тепловизионное сканирование, измерение влажности изоляции.</p>\r\n</li>\r\n</ul>\r\n</li>\r\n</ol>\r\n<p><strong>Таблица 2: Типы дефектов и методы их обнаружения</strong></p>\r\n<div>\r\n<table style="width: max-content;">\r\n<thead>\r\n<tr>\r\n<th>Дефект</th>\r\n<th>Методы диагностики</th>\r\n<th>Критичность</th>\r\n</tr>\r\n</thead>\r\n<tbody>\r\n<tr>\r\n<td>Коррозия</td>\r\n<td>Ультразвуковая толщинометрия, визуальный</td>\r\n<td>Высокая (риск аварии)</td>\r\n</tr>\r\n<tr>\r\n<td>Утечка</td>\r\n<td>Акустический контроль, тепловизионный анализ</td>\r\n<td>Экстренная</td>\r\n</tr>\r\n<tr>\r\n<td>Повреждение изоляции</td>\r\n<td>Тепловизоры, влагомеры</td>\r\n<td>Средняя (потери КПД)</td>\r\n</tr>\r\n</tbody>\r\n</table>\r\n</div>\r\n<hr>\r\n<h4><strong>3. Практикум по использованию диагностического оборудования</strong></h4>\r\n<p>Курс включает работу с ключевыми инструментами:</p>\r\n<ul>\r\n<li>\r\n<p><strong>Дефектоскопы</strong>:</p>\r\n<ul>\r\n<li>\r\n<p>Ультразвуковые приборы (например,&nbsp;<strong>USM Go+</strong>) для измерения толщины стенок.</p>\r\n</li>\r\n<li>\r\n<p>Вихретоковые дефектоскопы для выявления поверхностных трещин.</p>\r\n</li>\r\n</ul>\r\n</li>\r\n<li>\r\n<p><strong>Датчики давления</strong>:</p>\r\n<ul>\r\n<li>\r\n<p>Устанавливаются на магистралях для мониторинга перепадов, указывающих на засоры или утечки.</p>\r\n</li>\r\n</ul>\r\n</li>\r\n<li>\r\n<p><strong>Течеискатели</strong>:</p>\r\n<ul>\r\n<li>\r\n<p><strong>Correlux C100</strong>&nbsp;&mdash; корреляционный прибор для точного определения координат утечки.</p>\r\n</li>\r\n<li>\r\n<p>Гелиевые течеискатели для герметичных систем.</p>\r\n</li>\r\n</ul>\r\n</li>\r\n</ul>\r\n<p><strong>Пример задания</strong>:</p>\r\n<ol start="1">\r\n<li>\r\n<p>Провести тепловизионное сканирование участка трубы.</p>\r\n</li>\r\n<li>\r\n<p>Зафиксировать аномалии, сравнить данные с эталонными значениями.</p>\r\n</li>\r\n<li>\r\n<p>Использовать акустический течеискатель для уточнения локализации дефекта.</p>\r\n</li>\r\n</ol>\r\n<hr>\r\n<h4><strong>4. Разбор кейсов: предотвращение аварий</strong></h4>\r\n<p><strong>Кейс 1: Утечка в подземной теплотрассе</strong></p>\r\n<ul>\r\n<li>\r\n<p><strong>Проблема</strong>: Падение давления в магистрали, жалобы на пар из грунта.</p>\r\n</li>\r\n<li>\r\n<p><strong>Диагностика</strong>: Акустический контроль выявил точку утечки на глубине 2 м.</p>\r\n</li>\r\n<li>\r\n<p><strong>Решение</strong>: Бестраншейный ремонт методом наложения полимерной муфты.</p>\r\n</li>\r\n<li>\r\n<p><strong>Итог</strong>: Восстановление за 6 часов без отключения потребителей.</p>\r\n</li>\r\n</ul>\r\n<p><strong>Кейс 2: Коррозия в зоне сварного шва</strong></p>\r\n<ul>\r\n<li>\r\n<p><strong>Проблема</strong>: Повторные прорывы на одном участке.</p>\r\n</li>\r\n<li>\r\n<p><strong>Диагностика</strong>: Ультразвуковая толщинометрия показала истончение стенки до 3 мм.</p>\r\n</li>\r\n<li>\r\n<p><strong>Решение</strong>: Замена участка трубы с усиленной изоляцией.</p>\r\n</li>\r\n</ul>	Основы диагностики тепловых сетей: методы выявления дефектов
23	6	<p class="ds-markdown-paragraph">Тарифообразование в теплоснабжении &mdash; сложный, многофакторный процесс, требующий учета правовых, экономических и технических аспектов. В России эта сфера регулируется государством, так как теплоснабжение относится к естественным монополиям, а его надежность критически важна для социальной стабильности. Рассмотрим методологию формирования тарифов, включая законодательную базу, принципы расчета себестоимости и роль регулирующих органов.</p>\r\n<hr>\r\n<h4><strong>1. Правовая и нормативная база</strong></h4>\r\n<p class="ds-markdown-paragraph">Основу методологии тарифообразования в РФ составляют федеральные законы, постановления Правительства и ведомственные акты.</p>\r\n<ul>\r\n<li>\r\n<p class="ds-markdown-paragraph"><strong>Федеральный закон №190-ФЗ &laquo;О теплоснабжении&raquo;</strong>&nbsp;(2010):**<br>Этот закон закрепил принципы организации теплоснабжения, включая:</p>\r\n<ul>\r\n<li>\r\n<p class="ds-markdown-paragraph">Разделение рынка на регулируемую (монопольную) и нерегулируемую (конкурентную) части.</p>\r\n</li>\r\n<li>\r\n<p class="ds-markdown-paragraph">Обязанность поставщиков заключать договоры с потребителями по утвержденным тарифам.</p>\r\n</li>\r\n<li>\r\n<p class="ds-markdown-paragraph">Приоритет когенерации (совместное производство тепла и электроэнергии) для повышения энергоэффективности.</p>\r\n</li>\r\n<li>\r\n<p class="ds-markdown-paragraph">Требование к единой теплоснабжающей организации (ЕТО) в каждом муниципальном образовании, ответственной за координацию работы сети.</p>\r\n</li>\r\n</ul>\r\n</li>\r\n<li>\r\n<p class="ds-markdown-paragraph"><strong>Постановление Правительства №808 (2011) и №1290 (2020):</strong><br>Эти документы детализируют порядок расчета тарифов:</p>\r\n<ul>\r\n<li>\r\n<p class="ds-markdown-paragraph"><strong>№808</strong>&nbsp;устанавливает правила определения цен, ставок и надбавок, включая метод &laquo;экономически обоснованных расходов&raquo;.</p>\r\n</li>\r\n<li>\r\n<p class="ds-markdown-paragraph"><strong>№1290</strong>&nbsp;ввел долгосрочное тарифное регулирование (на 5&ndash;7 лет) для стимулирования инвестиций в модернизацию инфраструктуры.</p>\r\n</li>\r\n</ul>\r\n</li>\r\n<li>\r\n<p class="ds-markdown-paragraph"><strong>Региональное регулирование:</strong><br>Тарифы утверждаются региональными энергетическими комиссиями (РЭК) или органами исполнительной власти субъектов РФ. Учитываются местные особенности: климат, износ сетей, топливная специфика (например, использование угля, газа или мазута).</p>\r\n</li>\r\n</ul>\r\n<hr>\r\n<h4><strong>2. Принципы формирования себестоимости тепловой энергии</strong></h4>\r\n<p class="ds-markdown-paragraph">Себестоимость &mdash; база для расчета тарифа. Она включает&nbsp;<strong>прямые</strong>&nbsp;и&nbsp;<strong>косвенные</strong>&nbsp;затраты теплоснабжающих организаций (ТСО).</p>\r\n<h5><strong>2.1. Структура затрат:</strong></h5>\r\n<ol start="1">\r\n<li>\r\n<p class="ds-markdown-paragraph"><strong>Переменные издержки:</strong></p>\r\n<ul>\r\n<li>\r\n<p class="ds-markdown-paragraph">Топливо (до 60&ndash;70% затрат в газовых котельных).</p>\r\n</li>\r\n<li>\r\n<p class="ds-markdown-paragraph">Электроэнергия для насосов и оборудования.</p>\r\n</li>\r\n<li>\r\n<p class="ds-markdown-paragraph">Вода и химреагенты для подготовки теплоносителя.</p>\r\n</li>\r\n<li>\r\n<p class="ds-markdown-paragraph">Экологические платежи (например, за выбросы CO₂).</p>\r\n</li>\r\n</ul>\r\n</li>\r\n<li>\r\n<p class="ds-markdown-paragraph"><strong>Постоянные издержки:</strong></p>\r\n<ul>\r\n<li>\r\n<p class="ds-markdown-paragraph">Амортизация оборудования и сетей.</p>\r\n</li>\r\n<li>\r\n<p class="ds-markdown-paragraph">Заработная плата персонала.</p>\r\n</li>\r\n<li>\r\n<p class="ds-markdown-paragraph">Обслуживание и ремонт (капитальный и текущий).</p>\r\n</li>\r\n<li>\r\n<p class="ds-markdown-paragraph">Налоги (на имущество, землю).</p>\r\n</li>\r\n</ul>\r\n</li>\r\n<li>\r\n<p class="ds-markdown-paragraph"><strong>Нормативная прибыль:</strong><br>Устанавливается с учетом&nbsp;<strong>рентабельности инвестированного капитала</strong>&nbsp;(по методике ФАС). Для привлечения инвесторов в изношенную инфраструктуру (более 70% сетей в РФ требуют замены) допустимая рентабельность может достигать 10&ndash;12%.</p>\r\n</li>\r\n</ol>\r\n<h5><strong>2.2. Методы распределения затрат:</strong></h5>\r\n<ul>\r\n<li>\r\n<p class="ds-markdown-paragraph"><strong>По видам продукции:</strong>&nbsp;Если ТСО производит и тепло, и электроэнергию (когенерация), затраты распределяются пропорционально выручке от каждого вида деятельности.</p>\r\n</li>\r\n<li>\r\n<p class="ds-markdown-paragraph"><strong>По потребителям:</strong>&nbsp;Тарифы дифференцируются для разных групп (население, промышленность, бюджетные организации). Например, для населения действуют субсидируемые ставки, а коммерческие предприятия оплачивают полную стоимость.</p>\r\n</li>\r\n</ul>\r\n<hr>\r\n<h4><strong>3. Роль регулирующих органов</strong></h4>\r\n<p class="ds-markdown-paragraph">Процесс утверждения тарифов строго регламентирован и включает несколько этапов:</p>\r\n<h5><strong>3.1. Федеральная антимонопольная служба (ФАС):</strong></h5>\r\n<ul>\r\n<li>\r\n<p class="ds-markdown-paragraph">Утверждает методики расчета тарифов.</p>\r\n</li>\r\n<li>\r\n<p class="ds-markdown-paragraph">Контролирует соблюдение законодательства (например, запрет на включение в тарифы необоснованных расходов).</p>\r\n</li>\r\n<li>\r\n<p class="ds-markdown-paragraph">Рассматривает жалобы потребителей на завышение цен.</p>\r\n</li>\r\n</ul>\r\n<h5><strong>3.2. Региональные энергетические комиссии (РЭК):</strong></h5>\r\n<ul>\r\n<li>\r\n<p class="ds-markdown-paragraph">Ежегодно проводят расчет тарифов на основе данных, предоставленных ТСО (плановые затраты, инвестиционные программы).</p>\r\n</li>\r\n<li>\r\n<p class="ds-markdown-paragraph">Организуют публичные слушания с участием потребителей и экспертов.</p>\r\n</li>\r\n<li>\r\n<p class="ds-markdown-paragraph">Утверждают&nbsp;<strong>тарифные заявки</strong>, которые включают:</p>\r\n<ul>\r\n<li>\r\n<p class="ds-markdown-paragraph">Прогноз баланса тепловой мощности.</p>\r\n</li>\r\n<li>\r\n<p class="ds-markdown-paragraph">План по снижению потерь в сетях.</p>\r\n</li>\r\n<li>\r\n<p class="ds-markdown-paragraph">Обоснование затрат на топливо и ремонты.</p>\r\n</li>\r\n</ul>\r\n</li>\r\n</ul>\r\n<h5><strong>3.3. Муниципальные органы власти:</strong></h5>\r\n<ul>\r\n<li>\r\n<p class="ds-markdown-paragraph">Согласовывают инвестиционные программы ТСО (например, строительство новых котельных или замена труб).</p>\r\n</li>\r\n<li>\r\n<p class="ds-markdown-paragraph">Участвуют в определении зон ответственности ЕТО.</p>\r\n</li>\r\n</ul>\r\n<hr>\r\n<h4><strong>4. Ключевые проблемы методологии</strong></h4>\r\n<ul>\r\n<li>\r\n<p class="ds-markdown-paragraph"><strong>Изношенность инфраструктуры:</strong>&nbsp;Высокие аварийные расходы и потери тепла (до 30%) приводят к завышению тарифов.</p>\r\n</li>\r\n<li>\r\n<p class="ds-markdown-paragraph"><strong>Зависимость от топливных цен:</strong>&nbsp;Рост стоимости газа автоматически увеличивает тарифы, что социально болезненно для населения.</p>\r\n</li>\r\n<li>\r\n<p class="ds-markdown-paragraph"><strong>Дисбаланс интересов:</strong>&nbsp;ТСО заинтересованы в максимизации затрат для увеличения прибыли, а регуляторы &mdash; в их минимизации для защиты потребителей.</p>\r\n</li>\r\n<li>\r\n<p class="ds-markdown-paragraph"><strong>Сложность учета климатических факторов:</strong>&nbsp;В северных регионах тарифы выше из-за длительного отопительного сезона, но доходы населения часто ниже, чем в среднем по стране.</p>\r\n</li>\r\n</ul>\r\n<hr>\r\n<h4><strong>5. Перспективы развития методологии</strong></h4>\r\n<ul>\r\n<li>\r\n<p class="ds-markdown-paragraph"><strong>Внедрение SMART-технологий:</strong></p>\r\n<ul>\r\n<li>\r\n<p class="ds-markdown-paragraph">Умные счетчики для точного учета потребления.</p>\r\n</li>\r\n<li>\r\n<p class="ds-markdown-paragraph">Цифровые двойники теплосетей для оптимизации нагрузки.</p>\r\n</li>\r\n</ul>\r\n</li>\r\n<li>\r\n<p class="ds-markdown-paragraph"><strong>Переход на двухставочные тарифы:</strong></p>\r\n<ul>\r\n<li>\r\n<p class="ds-markdown-paragraph"><strong>Фиксированная ставка</strong>&nbsp;&mdash; за подключенную мощность (покрывает постоянные издержки).</p>\r\n</li>\r\n<li>\r\n<p class="ds-markdown-paragraph"><strong>Переменная ставка</strong>&nbsp;&mdash; за фактически потребленное тепло (покрывает переменные издержки).</p>\r\n</li>\r\n</ul>\r\n</li>\r\n<li>\r\n<p class="ds-markdown-paragraph"><strong>Стимулирование энергоэффективности:</strong><br>Снижение тарифов для потребителей, установивших терморегуляторы или утепливших дома.</p>\r\n</li>\r\n</ul>	Методологические основы тарифообразования в теплоснабжении
24	6	<p class="ds-markdown-paragraph">Основными методами расчета тарифов являются&nbsp;<strong>затратный подход</strong>&nbsp;и&nbsp;<strong>сравнительный анализ</strong>, каждый из которых имеет свою методологию, преимущества и ограничения. Рассмотрим их подробно, включая законодательные основы, алгоритмы расчета и практику применения.</p>\r\n<hr>\r\n<h3><strong>1. Затратный подход</strong></h3>\r\n<p class="ds-markdown-paragraph">Затратный подход &mdash; это метод, при котором тариф формируется на основе&nbsp;<strong>фактических или прогнозируемых расходов</strong>&nbsp;теплоснабжающей организации (ТСО) с добавлением нормативной прибыли. В России он доминирует из-за высокой доли естественных монополий в отрасли.</p>\r\n<h4><strong>1.1. Нормативная база</strong></h4>\r\n<ul>\r\n<li>\r\n<p class="ds-markdown-paragraph"><strong>Постановление Правительства РФ №808</strong>&nbsp;(2011):<br>Закрепляет принцип &laquo;экономически обоснованных расходов&raquo;, требующий подтверждения всех затрат ТСО документами.</p>\r\n</li>\r\n<li>\r\n<p class="ds-markdown-paragraph"><strong>Постановление №1290</strong>&nbsp;(2020):<br>Вводит долгосрочное тарифное регулирование (на 5&ndash;7 лет), позволяющее включать в тарифы инвестиции в модернизацию сетей.</p>\r\n</li>\r\n</ul>\r\n<h4><strong>1.2. Структура затрат</strong></h4>\r\n<p class="ds-markdown-paragraph">Тариф рассчитывается по формуле:</p>\r\n<p><span class="katex"><span class="katex-mathml">T=&sum;(Зпост+Зперем+А+НП)Q,</span><span class="katex-html" aria-hidden="true"><span class="base"><span class="mord mathnormal">T</span><span class="mrel">=</span></span><span class="base"><span class="vlist-r"><span class="vlist"><span class="mord mathnormal">Q</span><span class="mord"><span class="mop op-symbol small-op">&sum;</span><span class="mopen">(</span><span class="mord"><span class="mord cyrillic_fallback">З</span><span class="vlist-r"><span class="mord cyrillic_fallback mtight">пост</span><span class="vlist-s">​</span></span></span><span class="mbin">+</span><span class="mord"><span class="mord cyrillic_fallback">З</span><span class="vlist-r"><span class="mord cyrillic_fallback mtight">перем</span><span class="vlist-s">​</span></span></span><span class="mbin">+</span><span class="mord cyrillic_fallback">А</span><span class="mbin">+</span><span class="mord cyrillic_fallback">НП</span><span class="mclose">)</span></span></span><span class="vlist-s">​</span></span><span class="mpunct">,</span></span></span></span></p>\r\n<p class="ds-markdown-paragraph">где:</p>\r\n<ul>\r\n<li>\r\n<p class="ds-markdown-paragraph"><span class="katex"><span class="katex-mathml">Зпост</span><span class="mord"><span class="mord cyrillic_fallback">З</span><span class="vlist-r"><span class="mord cyrillic_fallback mtight">пост</span><span class="vlist-s">​</span></span></span></span>&nbsp;&mdash; постоянные издержки;</p>\r\n</li>\r\n<li>\r\n<p class="ds-markdown-paragraph"><span class="katex"><span class="katex-mathml">Зперем</span><span class="mord"><span class="mord cyrillic_fallback">З</span><span class="vlist-r"><span class="mord cyrillic_fallback mtight">перем</span><span class="vlist-s">​</span></span></span></span>&nbsp;&mdash; переменные издержки;</p>\r\n</li>\r\n<li>\r\n<p class="ds-markdown-paragraph"><span class="katex"><span class="katex-mathml">А</span><span class="mord cyrillic_fallback">А</span></span>&nbsp;&mdash; амортизация;</p>\r\n</li>\r\n<li>\r\n<p class="ds-markdown-paragraph"><span class="katex"><span class="katex-mathml">НП</span><span class="mord cyrillic_fallback">НП</span></span>&nbsp;&mdash; нормативная прибыль;</p>\r\n</li>\r\n<li>\r\n<p class="ds-markdown-paragraph"><span class="katex"><span class="katex-mathml">Q</span><span class="mord mathnormal">Q</span></span>&nbsp;&mdash; объем поставленной тепловой энергии (Гкал).</p>\r\n</li>\r\n</ul>\r\n<h5><strong>1.2.1. Переменные издержки</strong></h5>\r\n<ul>\r\n<li>\r\n<p class="ds-markdown-paragraph"><strong>Топливо</strong>: Основная статья расходов (60&ndash;80% в газовых котельных). Стоимость зависит от вида топлива (газ, уголь, мазут) и его рыночной цены.<br><em>Пример</em>: При цене газа 8,000 руб./тыс. м&sup3; и удельном расходе 160 м&sup3;/Гкал, топливная составляющая &mdash; 1,280 руб./Гкал.</p>\r\n</li>\r\n<li>\r\n<p class="ds-markdown-paragraph"><strong>Электроэнергия</strong>: Затраты на работу насосов, вентиляторов, систем автоматики.</p>\r\n</li>\r\n<li>\r\n<p class="ds-markdown-paragraph"><strong>Водоподготовка</strong>: Химреагенты для очистки теплоносителя от накипи и коррозии.</p>\r\n</li>\r\n<li>\r\n<p class="ds-markdown-paragraph"><strong>Экологические платежи</strong>: Штрафы за выбросы CO₂, серы, сажи (актуально для угольных ТЭЦ).</p>\r\n</li>\r\n</ul>\r\n<h5><strong>1.2.2. Постоянные издержки</strong></h5>\r\n<ul>\r\n<li>\r\n<p class="ds-markdown-paragraph"><strong>Амортизация</strong>: Распределение стоимости инфраструктуры (трубопроводы, котельные) на срок службы.<br><em>Пример</em>: Если стоимость сети 500 млн руб., а срок амортизации 25 лет, ежегодные отчисления &mdash; 20 млн руб.</p>\r\n</li>\r\n<li>\r\n<p class="ds-markdown-paragraph"><strong>Зарплата</strong>: Оплата труда персонала (аварийные службы, диспетчеры, ремонтники).</p>\r\n</li>\r\n<li>\r\n<p class="ds-markdown-paragraph"><strong>Ремонты</strong>: Капитальный ремонт труб (замена 1 км теплотрассы стоит 10&ndash;30 млн руб.) и текущее обслуживание.</p>\r\n</li>\r\n<li>\r\n<p class="ds-markdown-paragraph"><strong>Налоги</strong>: Налог на имущество (до 2,2% от кадастровой стоимости) и земельный налог.</p>\r\n</li>\r\n</ul>\r\n<h5><strong>1.2.3. Нормативная прибыль</strong></h5>\r\n<p class="ds-markdown-paragraph">Устанавливается регулятором (ФАС) как&nbsp;<strong>рентабельность инвестированного капитала</strong>. Для изношенных сетей допускается рентабельность до 12%, чтобы привлечь инвесторов.</p>\r\n<h4><strong>1.3. Этапы расчета</strong></h4>\r\n<ol start="1">\r\n<li>\r\n<p class="ds-markdown-paragraph"><strong>Сбор данных</strong>: ТСО предоставляет в РЭК (региональную энергетическую комиссию):</p>\r\n<ul>\r\n<li>\r\n<p class="ds-markdown-paragraph">Баланс тепловой мощности.</p>\r\n</li>\r\n<li>\r\n<p class="ds-markdown-paragraph">Программу ремонта и модернизации.</p>\r\n</li>\r\n<li>\r\n<p class="ds-markdown-paragraph">Смету затрат на топливо и зарплату.</p>\r\n</li>\r\n</ul>\r\n</li>\r\n<li>\r\n<p class="ds-markdown-paragraph"><strong>Верификация расходов</strong>: Регулятор проверяет, чтобы в тариф не включались:</p>\r\n<ul>\r\n<li>\r\n<p class="ds-markdown-paragraph">Непрофильные расходы (например, затраты на содержание фитнес-клуба для сотрудников).</p>\r\n</li>\r\n<li>\r\n<p class="ds-markdown-paragraph">Завышенные нормы потребления топлива.</p>\r\n</li>\r\n</ul>\r\n</li>\r\n<li>\r\n<p class="ds-markdown-paragraph"><strong>Утверждение тарифа</strong>: После публичных слушаний РЭК фиксирует тариф на год или долгосрочный период.</p>\r\n</li>\r\n</ol>\r\n<h4><strong>1.4. Проблемы затратного подхода</strong></h4>\r\n<ul>\r\n<li>\r\n<p class="ds-markdown-paragraph"><strong>Отсутствие стимулов к экономии</strong>: ТСО заинтересованы увеличивать затраты, чтобы обосновать рост тарифов.</p>\r\n</li>\r\n<li>\r\n<p class="ds-markdown-paragraph"><strong>Зависимость от топливных цен</strong>: Привязка к стоимости газа/угля делает тарифы волатильными.</p>\r\n</li>\r\n<li>\r\n<p class="ds-markdown-paragraph"><strong>Сложность учета износа</strong>: Фактический износ сетей часто превышает нормативный, что ведет к авариям и непредвиденным расходам.</p>\r\n</li>\r\n</ul>\r\n<hr>\r\n<h3><strong>2. Сравнительный анализ</strong></h3>\r\n<p class="ds-markdown-paragraph">Сравнительный анализ &mdash; метод, при котором тарифы устанавливаются на основе&nbsp;<strong>сопоставления с аналогичными регионами или компаниями</strong>. Цель &mdash; обеспечить справедливость и предотвратить завышение цен в монопольных условиях.</p>\r\n<h4><strong>2.1. Принципы и методика</strong></h4>\r\n<ul>\r\n<li>\r\n<p class="ds-markdown-paragraph"><strong>Выбор объектов сравнения</strong>: Регионы с похожими:</p>\r\n<ul>\r\n<li>\r\n<p class="ds-markdown-paragraph">Климатическими условиями (например, число градусо-суток отопительного периода).</p>\r\n</li>\r\n<li>\r\n<p class="ds-markdown-paragraph">Уровнем износа сетей (доля труб старше 30 лет).</p>\r\n</li>\r\n<li>\r\n<p class="ds-markdown-paragraph">Топливным балансом (газ, уголь, ВИЭ).</p>\r\n</li>\r\n</ul>\r\n</li>\r\n<li>\r\n<p class="ds-markdown-paragraph"><strong>Нормализация данных</strong>: Приведение показателей к единой базе.<br><em>Пример</em>: Если в регионе А средняя температура зимой -20&deg;C, а в регионе Б -10&deg;C, тарифы региона А умножаются на поправочный коэффициент 0,8.</p>\r\n</li>\r\n</ul>\r\n<h4><strong>2.2. Ключевые сравниваемые параметры</strong></h4>\r\n<ol start="1">\r\n<li>\r\n<p class="ds-markdown-paragraph"><strong>Удельная стоимость тепла (руб./Гкал)</strong>:</p>\r\n<ul>\r\n<li>\r\n<p class="ds-markdown-paragraph">По России варьируется от 1,500 руб./Гкал (газодобывающие регионы) до 4,000 руб./Гкал (угольные районы Крайнего Севера).</p>\r\n</li>\r\n</ul>\r\n</li>\r\n<li>\r\n<p class="ds-markdown-paragraph"><strong>Доля топлива в себестоимости</strong>:</p>\r\n<ul>\r\n<li>\r\n<p class="ds-markdown-paragraph">Показатель эффективности: чем ниже, тем современнее оборудование (например, 60% для газовых ТЭЦ против 75% для угольных).</p>\r\n</li>\r\n</ul>\r\n</li>\r\n<li>\r\n<p class="ds-markdown-paragraph"><strong>Потери в сетях</strong>:</p>\r\n<ul>\r\n<li>\r\n<p class="ds-markdown-paragraph">Норматив &mdash; 8&ndash;10%, но в реальности достигает 30% в регионах с изношенными трубами.</p>\r\n</li>\r\n</ul>\r\n</li>\r\n</ol>\r\n<h4><strong>2.3. Этапы анализа</strong></h4>\r\n<ol start="1">\r\n<li>\r\n<p class="ds-markdown-paragraph"><strong>Сбор данных</strong>:</p>\r\n<ul>\r\n<li>\r\n<p class="ds-markdown-paragraph">Запрос информации у ТСО и региональных РЭК.</p>\r\n</li>\r\n<li>\r\n<p class="ds-markdown-paragraph">Использование открытых источников (например, реестр тарифов ФАС).</p>\r\n</li>\r\n</ul>\r\n</li>\r\n<li>\r\n<p class="ds-markdown-paragraph"><strong>Кластеризация регионов</strong>:</p>\r\n<ul>\r\n<li>\r\n<p class="ds-markdown-paragraph">Группировка по климату, типу топлива, плотности населения.</p>\r\n</li>\r\n</ul>\r\n</li>\r\n<li>\r\n<p class="ds-markdown-paragraph"><strong>Расчет средневзвешенных значений</strong>:</p>\r\n<ul>\r\n<li>\r\n<p class="ds-markdown-paragraph">Определение &laquo;эталонного тарифа&raquo; для кластера.</p>\r\n</li>\r\n</ul>\r\n</li>\r\n<li>\r\n<p class="ds-markdown-paragraph"><strong>Корректировка тарифов</strong>:</p>\r\n<ul>\r\n<li>\r\n<p class="ds-markdown-paragraph">Если тариф ТСО превышает кластерный на 15&ndash;20%, регулятор требует обоснований или снижения.</p>\r\n</li>\r\n</ul>\r\n</li>\r\n</ol>\r\n<h4><strong>2.4. Пример: Сравнение Новосибирской и Тюменской областей</strong></h4>\r\n<div class="markdown-table-wrapper">\r\n<table>\r\n<thead>\r\n<tr>\r\n<th><strong>Параметр</strong></th>\r\n<th><strong>Новосибирская обл.</strong></th>\r\n<th><strong>Тюменская обл.</strong></th>\r\n</tr>\r\n</thead>\r\n<tbody>\r\n<tr>\r\n<td>Средний тариф (руб./Гкал)</td>\r\n<td>2,200</td>\r\n<td>1,800</td>\r\n</tr>\r\n<tr>\r\n<td>Доля газа в топливном балансе</td>\r\n<td>70%</td>\r\n<td>95%</td>\r\n</tr>\r\n<tr>\r\n<td>Износ сетей</td>\r\n<td>65%</td>\r\n<td>45%</td>\r\n</tr>\r\n<tr>\r\n<td>Потери тепла</td>\r\n<td>25%</td>\r\n<td>12%</td>\r\n</tr>\r\n</tbody>\r\n</table>\r\n</div>\r\n<p class="ds-markdown-paragraph"><em>Выводы</em>: Более низкий тариф в Тюменской области объясняется меньшим износом сетей и высокой долей дешевого газа. Новосибирская область требует дополнительных инвестиций в инфраструктуру.</p>\r\n<h4><strong>2.5. Преимущества и недостатки</strong></h4>\r\n<ul>\r\n<li>\r\n<p class="ds-markdown-paragraph"><strong>Плюсы</strong>:</p>\r\n<ul>\r\n<li>\r\n<p class="ds-markdown-paragraph">Снижает риски завышения тарифов монополистами.</p>\r\n</li>\r\n<li>\r\n<p class="ds-markdown-paragraph">Учитывает региональную специфику.</p>\r\n</li>\r\n</ul>\r\n</li>\r\n<li>\r\n<p class="ds-markdown-paragraph"><strong>Минусы</strong>:</p>\r\n<ul>\r\n<li>\r\n<p class="ds-markdown-paragraph">Требует большого объема достоверных данных.</p>\r\n</li>\r\n<li>\r\n<p class="ds-markdown-paragraph">Не учитывает уникальные факторы (например, сейсмичность в отдельных районах).</p>\r\n</li>\r\n</ul>\r\n</li>\r\n</ul>\r\n<hr>\r\n<h3><strong>3. Интеграция подходов на практике</strong></h3>\r\n<p class="ds-markdown-paragraph">В реальности регуляторы сочетают оба метода:</p>\r\n<ol start="1">\r\n<li>\r\n<p class="ds-markdown-paragraph"><strong>Базовый тариф</strong>&nbsp;устанавливается затратным методом.</p>\r\n</li>\r\n<li>\r\n<p class="ds-markdown-paragraph"><strong>Корректировка</strong>&nbsp;проводится по результатам сравнительного анализа с регионами-аналогами.</p>\r\n</li>\r\n</ol>\r\n<h4><strong>3.1. Кейс: Долгосрочное тарифное регулирование</strong></h4>\r\n<ul>\r\n<li>\r\n<p class="ds-markdown-paragraph">ТСО заключает с регулятором соглашение на 7 лет, обязуясь:</p>\r\n<ul>\r\n<li>\r\n<p class="ds-markdown-paragraph">Снизить потери тепла с 25% до 15%.</p>\r\n</li>\r\n<li>\r\n<p class="ds-markdown-paragraph">Модернизировать 50 км сетей ежегодно.</p>\r\n</li>\r\n</ul>\r\n</li>\r\n<li>\r\n<p class="ds-markdown-paragraph">Взамен компания получает право включать в тариф инвестиционную составляющую, что повышает её рентабельность до 14%.</p>\r\n</li>\r\n</ul>\r\n<h4><strong>3.2. Роль цифровизации</strong></h4>\r\n<ul>\r\n<li>\r\n<p class="ds-markdown-paragraph"><strong>Умные счетчики</strong>: Позволяют точно учитывать потребление и выявлять потери.</p>\r\n</li>\r\n<li>\r\n<p class="ds-markdown-paragraph"><strong>Big Data</strong>: Анализ данных тысяч ТСО для автоматического сравнительного анализа.</p>\r\n</li>\r\n</ul>\r\n<hr>\r\n<h3><strong>4. Перспективы развития методов</strong></h3>\r\n<ul>\r\n<li>\r\n<p class="ds-markdown-paragraph"><strong>Переход к RAB-регулированию</strong>:<br>Тарифы, основанные на стоимости активов (Regulatory Asset Base), стимулируют инвестиции, но требуют прозрачной оценки инфраструктуры.</p>\r\n</li>\r\n<li>\r\n<p class="ds-markdown-paragraph"><strong>Дифференциация по времени суток</strong>:<br>Введение динамических тарифов (дороже зимой, дешевле летом) для оптимизации нагрузки на сети.</p>\r\n</li>\r\n<li>\r\n<p class="ds-markdown-paragraph"><strong>Зеленые тарифы</strong>:<br>Надбавки для ТСО, использующих биотопливо или солнечные коллекторы.</p>\r\n</li>\r\n</ul>	Методы расчета тарифов в теплоснабжении: затратный подход и сравнительный анализ
25	8	<p class="ds-markdown-paragraph">Российские CAD-системы становятся ключевым инструментом в условиях импортозамещения и цифровизации промышленности. Они не только обеспечивают независимость от зарубежного ПО, но и адаптированы под российские стандарты (ГОСТ, ЕСКД), что упрощает проектирование для машиностроения, строительства и архитектуры. В этой статье мы детально разберем интерфейс, базовые инструменты и особенности ведущих отечественных решений:&nbsp;<strong>КОМПАС-3D</strong>,&nbsp;<strong>T-FLEX CAD</strong>,&nbsp;<strong>Лоцман-SDM</strong>&nbsp;и&nbsp;<strong>Renga Architecture</strong>.</p>\r\n<hr>\r\n<h3><strong>1. Обзор российских CAD-систем</strong></h3>\r\n<h4><strong>Таблица 1. Сравнение основных платформ</strong></h4>\r\n<div class="markdown-table-wrapper">\r\n<table>\r\n<thead>\r\n<tr>\r\n<th><strong>Система</strong></th>\r\n<th><strong>Разработчик</strong></th>\r\n<th><strong>Специализация</strong></th>\r\n<th><strong>Уникальные возможности</strong></th>\r\n</tr>\r\n</thead>\r\n<tbody>\r\n<tr>\r\n<td><strong>КОМПАС-3D</strong></td>\r\n<td>АСКОН</td>\r\n<td>Машиностроение, 3D-моделирование</td>\r\n<td>Встроенные библиотеки ГОСТ, интеграция с САПР</td>\r\n</tr>\r\n<tr>\r\n<td><strong>T-FLEX CAD</strong></td>\r\n<td>Топ Системы</td>\r\n<td>Параметрическое проектирование</td>\r\n<td>Гибкая система параметров, поддержка ЧПУ</td>\r\n</tr>\r\n<tr>\r\n<td><strong>Лоцман-SDM</strong></td>\r\n<td>Нанософт</td>\r\n<td>Судостроение, тяжелая промышл.</td>\r\n<td>Расчеты прочности, BIM-модули</td>\r\n</tr>\r\n<tr>\r\n<td><strong>Renga Architecture</strong></td>\r\n<td>Renga Software</td>\r\n<td>Архитектура, строительство</td>\r\n<td>Инструменты для BIM, автоматизация разрезов</td>\r\n</tr>\r\n</tbody>\r\n</table>\r\n</div>\r\n<hr>\r\n<h3><strong>2. Интерфейс: структура и настройка</strong></h3>\r\n<p class="ds-markdown-paragraph">Интерфейс российских CAD-систем ориентирован на интуитивность, но имеет отличия в зависимости от специализации. Рассмотрим общие элементы:</p>\r\n<h4><strong>2.1. Основные компоненты интерфейса</strong></h4>\r\n<ul>\r\n<li style="list-style-type: none;">\r\n<ul>\r\n<li>\r\n<p class="ds-markdown-paragraph"><strong>Рабочая область</strong>: Центральная зона для создания чертежей и моделей.</p>\r\n</li>\r\n<li>\r\n<p class="ds-markdown-paragraph"><strong>Панель инструментов</strong>: Вертикальные/горизонтальные панели с кнопками операций (например, &laquo;Линия&raquo;, &laquo;Окружность&raquo;, &laquo;Выдавливание&raquo;).</p>\r\n</li>\r\n<li>\r\n<p class="ds-markdown-paragraph"><strong>Дерево модели</strong>: Иерархический список элементов (эскизы, операции, сборки) в КОМПАС-3D и T-FLEX CAD.</p>\r\n</li>\r\n<li>\r\n<p class="ds-markdown-paragraph"><strong>Свойства объекта</strong>: Окно для редактирования параметров (толщина линии, цвет, материал).</p>\r\n</li>\r\n</ul>\r\n</li>\r\n</ul>\r\n<p><img src="https://www.postosoft.ru/wp-content/uploads/2019/08/Kompas-3D-v18-1280x720.png" alt="" width="1280" height="720"></p>\r\n<h4><strong>Таблица 2. Настройка интерфейса в разных системах</strong></h4>\r\n<div class="markdown-table-wrapper">\r\n<table>\r\n<thead>\r\n<tr>\r\n<th><strong>Действие</strong></th>\r\n<th><strong>КОМПАС-3D</strong></th>\r\n<th><strong>T-FLEX CAD</strong></th>\r\n<th><strong>Renga</strong></th>\r\n</tr>\r\n</thead>\r\n<tbody>\r\n<tr>\r\n<td><strong>Изменение темы</strong></td>\r\n<td>Светлая/темная тема в настройках</td>\r\n<td>Только светлая тема</td>\r\n<td>Темы не поддерживаются</td>\r\n</tr>\r\n<tr>\r\n<td><strong>Добавление панелей</strong></td>\r\n<td>Через &laquo;Вид&raquo; &rarr; &laquo;Панели инструментов&raquo;</td>\r\n<td>Перетаскивание панелей мышью</td>\r\n<td>Фиксированный набор панелей</td>\r\n</tr>\r\n<tr>\r\n<td><strong>Горячие клавиши</strong></td>\r\n<td>Настраиваемые (Файл &rarr; Настройки)</td>\r\n<td>Предустановленные, изменение через XML</td>\r\n<td>Нет настройки</td>\r\n</tr>\r\n</tbody>\r\n</table>\r\n</div>\r\n<hr>\r\n<h3><strong>3. Базовые инструменты для 2D-черчения</strong></h3>\r\n<h4><strong>3.1. Создание примитивов</strong></h4>\r\n<ul>\r\n<ul>\r\n<li>\r\n<p class="ds-markdown-paragraph"><strong>Линия</strong>:</p>\r\n<ul>\r\n<li>\r\n<p class="ds-markdown-paragraph"><strong>КОМПАС-3D</strong>: Инструмент &laquo;Отрезок&raquo; (панель &laquo;Геометрия&raquo;). Поддержка привязок к сетке и объектам.</p>\r\n</li>\r\n<li>\r\n<p class="ds-markdown-paragraph"><strong>T-FLEX CAD</strong>: &laquo;Линия по двум точкам&raquo; с выбором типа (непрерывная, пунктир).</p>\r\n</li>\r\n</ul>\r\n</li>\r\n<li>\r\n<p class="ds-markdown-paragraph"><strong>Окружность</strong>:</p>\r\n<ul>\r\n<li>\r\n<p class="ds-markdown-paragraph">Во всех системах: Центр + радиус или диаметр. В Renga &mdash; дополнительно построение по трем точкам.</p>\r\n</li>\r\n</ul>\r\n</li>\r\n</ul>\r\n</ul>\r\n<h4><strong>Таблица 3. Примеры команд для 2D-элементов</strong></h4>\r\n<div class="markdown-table-wrapper">\r\n<table>\r\n<thead>\r\n<tr>\r\n<th><strong>Инструмент</strong></th>\r\n<th><strong>КОМПАС-3D</strong></th>\r\n<th><strong>T-FLEX CAD</strong></th>\r\n<th><strong>Renga</strong></th>\r\n</tr>\r\n</thead>\r\n<tbody>\r\n<tr>\r\n<td><strong>Прямоугольник</strong></td>\r\n<td>&laquo;Прямоугольник&raquo;</td>\r\n<td>&laquo;Прямоугольник&raquo;</td>\r\n<td>&laquo;Стена&raquo; (в BIM)</td>\r\n</tr>\r\n<tr>\r\n<td><strong>Размеры</strong></td>\r\n<td>&laquo;Линейный размер&raquo;</td>\r\n<td>&laquo;Авторазмер&raquo;</td>\r\n<td>&laquo;Измерение&raquo;</td>\r\n</tr>\r\n<tr>\r\n<td><strong>Штриховка</strong></td>\r\n<td>&laquo;Штриховка&raquo; (ГОСТ)</td>\r\n<td>&laquo;Узор&raquo;</td>\r\n<td>Нет в базовой версии</td>\r\n</tr>\r\n</tbody>\r\n</table>\r\n</div>\r\n<h4><strong>3.2. Работа со слоями</strong></h4>\r\n<p class="ds-markdown-paragraph">Слои позволяют группировать элементы чертежа (например, отделить основную геометрию от вспомогательных линий).</p>\r\n<ul>\r\n<ul>\r\n<li>\r\n<p class="ds-markdown-paragraph"><strong>КОМПАС-3D</strong>: Слои настраиваются через &laquo;Дерево слоев&raquo; (правая панель). Можно задавать цвет, тип линии.</p>\r\n</li>\r\n<li>\r\n<p class="ds-markdown-paragraph"><strong>T-FLEX CAD</strong>: Управление слоями через диалоговое окно &laquo;Свойства слоя&raquo;.</p>\r\n</li>\r\n<li>\r\n<p class="ds-markdown-paragraph"><strong>Renga</strong>: Слои автоматически создаются для разных категорий объектов (стены, окна, двери).</p>\r\n</li>\r\n</ul>\r\n</ul>\r\n<hr>\r\n<h3><strong>4. Экспорт и импорт данных</strong></h3>\r\n<p class="ds-markdown-paragraph">Поддержка форматов критична для совместимости с зарубежными коллегами и оборудованием.</p>\r\n<h4><strong>Таблица 4. Форматы файлов</strong></h4>\r\n<div class="markdown-table-wrapper">\r\n<table>\r\n<thead>\r\n<tr>\r\n<th><strong>Система</strong></th>\r\n<th><strong>Импорт</strong></th>\r\n<th><strong>Экспорт</strong></th>\r\n</tr>\r\n</thead>\r\n<tbody>\r\n<tr>\r\n<td><strong>КОМПАС-3D</strong></td>\r\n<td>DWG, DXF, STEP, IGES, PDF</td>\r\n<td>DWG, STEP, STL (для 3D-печати)</td>\r\n</tr>\r\n<tr>\r\n<td><strong>T-FLEX CAD</strong></td>\r\n<td>DWG, SAT, X_T, PDF</td>\r\n<td>DWG, STEP, STL, G-код (ЧПУ)</td>\r\n</tr>\r\n<tr>\r\n<td><strong>Renga</strong></td>\r\n<td>IFC, DWG, DXF</td>\r\n<td>IFC, DWG, PDF, 3DS</td>\r\n</tr>\r\n</tbody>\r\n</table>\r\n</div>\r\n<hr>\r\n<h3><strong>5. Практический пример: создание чертежа вала в КОМПАС-3D</strong></h3>\r\n<ul>\r\n<ol start="1">\r\n<li>\r\n<p class="ds-markdown-paragraph"><strong>Шаг 1. Настройка шаблона</strong>:</p>\r\n<ul>\r\n<li>\r\n<p class="ds-markdown-paragraph">Откройте новый чертеж через &laquo;Файл&raquo; &rarr; &laquo;Создать&raquo; &rarr; &laquo;Чертеж&raquo;. Выберите формат А3 (ГОСТ 2.301-68).</p>\r\n</li>\r\n</ul>\r\n</li>\r\n<li>\r\n<p class="ds-markdown-paragraph"><strong>Шаг 2. Построение эскиза</strong>:</p>\r\n<ul>\r\n<li>\r\n<p class="ds-markdown-paragraph">Используйте &laquo;Отрезок&raquo; и &laquo;Окружность&raquo; для создания контура вала. Примените &laquo;Осевую линию&raquo; для симметрии.</p>\r\n</li>\r\n</ul>\r\n</li>\r\n<li>\r\n<p class="ds-markdown-paragraph"><strong>Шаг 3. Нанесение размеров</strong>:</p>\r\n<ul>\r\n<li>\r\n<p class="ds-markdown-paragraph">Инструмент &laquo;Линейный размер&raquo; &rarr; укажите длину вала (100 мм) и диаметры (&Oslash;20, &Oslash;30).</p>\r\n</li>\r\n</ul>\r\n</li>\r\n<li>\r\n<p class="ds-markdown-paragraph"><strong>Шаг 4. Штриховка</strong>:</p>\r\n<ul>\r\n<li>\r\n<p class="ds-markdown-paragraph">Выделите секции для обозначения материала &rarr; &laquo;Штриховка&raquo; &rarr; выберите тип &laquo;Металл&raquo; (ГОСТ 2.306-68).</p>\r\n</li>\r\n</ul>\r\n</li>\r\n<li>\r\n<p class="ds-markdown-paragraph"><strong>Шаг 5. Экспорт в DWG</strong>:</p>\r\n<ul>\r\n<li>\r\n<p class="ds-markdown-paragraph">&laquo;Файл&raquo; &rarr; &laquo;Сохранить как&raquo; &rarr; укажите формат DWG для передачи в производственный отдел.</p>\r\n</li>\r\n</ul>\r\n</li>\r\n</ol>\r\n</ul>\r\n<hr>\r\n<h3><strong>6. Советы по выбору CAD-системы</strong></h3>\r\n<ul>\r\n<ul>\r\n<li>\r\n<p class="ds-markdown-paragraph"><strong>Для машиностроения</strong>: КОМПАС-3D (поддержка ГОСТ) или T-FLEX CAD (параметризация).</p>\r\n</li>\r\n<li>\r\n<p class="ds-markdown-paragraph"><strong>Для BIM-проектов</strong>: Renga Architecture (интеграция с IFC) или Лоцман-SDM (расчеты нагрузок).</p>\r\n</li>\r\n<li>&nbsp;</li>\r\n</ul>\r\n</ul>	Введение в российские CAD-системы: интерфейс и базовые инструменты
26	8	<p class="ds-markdown-paragraph">Проектирование 3D-моделей и параметризация &mdash; ключевые этапы в современных инженерных процессах. Российские CAD-системы, такие как&nbsp;<strong>КОМПАС-3D</strong>,&nbsp;<strong>T-FLEX CAD</strong>,&nbsp;<strong>Лоцман-SDM</strong>&nbsp;и&nbsp;<strong>Renga Architecture</strong>, предоставляют инструменты для создания точных моделей, адаптированных под требования ГОСТ и специфику отечественной промышленности. В этом разделе мы детально разберем методы твердотельного моделирования, параметризацию, сборку узлов и интеграцию с производственными процессами.</p>\r\n<hr>\r\n<h3><strong>1. Основы твердотельного моделирования</strong></h3>\r\n<p class="ds-markdown-paragraph">Твердотельное моделирование &mdash; создание объемных объектов с заданными геометрическими и физическими свойствами. Рассмотрим этапы работы в российских CAD-системах.</p>\r\n<h4><strong>1.1. Создание эскизов</strong></h4>\r\n<p class="ds-markdown-paragraph">Эскиз &mdash; 2D-контур, на основе которого формируется 3D-объект.</p>\r\n<ul>\r\n<li>\r\n<p class="ds-markdown-paragraph"><strong>КОМПАС-3D</strong>:</p>\r\n<ul>\r\n<li>\r\n<p class="ds-markdown-paragraph">Инструменты: &laquo;Отрезок&raquo;, &laquo;Окружность&raquo;, &laquo;Прямоугольник&raquo;, &laquo;Сопряжение&raquo;.</p>\r\n</li>\r\n<li>\r\n<p class="ds-markdown-paragraph">Привязки: автоматические (центр, пересечение) и ручные (размеры).</p>\r\n</li>\r\n</ul>\r\n</li>\r\n<li>\r\n<p class="ds-markdown-paragraph"><strong>T-FLEX CAD</strong>:</p>\r\n<ul>\r\n<li>\r\n<p class="ds-markdown-paragraph">Параметризация эскиза: связь размеров с переменными (например,&nbsp;<code>Диаметр = Толщина * 2</code>).</p>\r\n</li>\r\n<li>\r\n<p class="ds-markdown-paragraph">Динамическое обновление при изменении параметров.</p>\r\n</li>\r\n</ul>\r\n</li>\r\n</ul>\r\n<p class="ds-markdown-paragraph"><strong>Пример эскиза вала в T-FLEX CAD</strong>:</p>\r\n<ol start="1">\r\n<li>\r\n<p class="ds-markdown-paragraph">Начертите окружность диаметром 20 мм.</p>\r\n</li>\r\n<li>\r\n<p class="ds-markdown-paragraph">Добавьте отрезок длиной 100 мм для оси.</p>\r\n</li>\r\n<li>\r\n<p class="ds-markdown-paragraph">Назначьте переменную&nbsp;<code>Длина_вала = 100</code>.</p>\r\n</li>\r\n</ol>\r\n<h4><strong>1.2. Операции над эскизами</strong></h4>\r\n<div class="markdown-table-wrapper">\r\n<table>\r\n<thead>\r\n<tr>\r\n<th><strong>Операция</strong></th>\r\n<th><strong>КОМПАС-3D</strong></th>\r\n<th><strong>T-FLEX CAD</strong></th>\r\n<th><strong>Лоцман-SDM</strong></th>\r\n</tr>\r\n</thead>\r\n<tbody>\r\n<tr>\r\n<td><strong>Выдавливание</strong></td>\r\n<td>&laquo;Операция выдавливания&raquo; (глубина 50 мм)</td>\r\n<td>&laquo;Вытянуть эскиз&raquo; с выбором направления</td>\r\n<td>&laquo;Твердое тело&raquo; &rarr; &laquo;Экструзия&raquo;</td>\r\n</tr>\r\n<tr>\r\n<td><strong>Вращение</strong></td>\r\n<td>Создание тел вращения (например, валы)</td>\r\n<td>Вращение вокруг оси с углом 360&deg;</td>\r\n<td>Поддержка осей сложной формы</td>\r\n</tr>\r\n<tr>\r\n<td><strong>Вырезание</strong></td>\r\n<td>Удаление материала из заготовки</td>\r\n<td>Вычитание с использованием эскиза</td>\r\n<td>Вырезание по векторному контуру</td>\r\n</tr>\r\n<tr>\r\n<td><strong>Массив</strong></td>\r\n<td>Копирование объектов по сетке или кругу</td>\r\n<td>Параметрические массивы (зависит от формулы)</td>\r\n<td>Линейные и круговые массивы</td>\r\n</tr>\r\n</tbody>\r\n</table>\r\n</div>\r\n<h4><strong>1.3. Пример: создание фланца в КОМПАС-3D</strong></h4>\r\n<ol start="1">\r\n<li>\r\n<p class="ds-markdown-paragraph"><strong>Эскиз</strong>: Нарисуйте окружность &Oslash;80 мм.</p>\r\n</li>\r\n<li>\r\n<p class="ds-markdown-paragraph"><strong>Выдавливание</strong>: Создайте базовое тело высотой 10 мм.</p>\r\n</li>\r\n<li>\r\n<p class="ds-markdown-paragraph"><strong>Эскиз отверстий</strong>: Добавьте 4 окружности &Oslash;10 мм на верхней грани.</p>\r\n</li>\r\n<li>\r\n<p class="ds-markdown-paragraph"><strong>Вырезание</strong>: Удалите материал для отверстий.</p>\r\n</li>\r\n<li>\r\n<p class="ds-markdown-paragraph"><strong>Фаска</strong>: Добавьте фаску 2 мм на края фланца.</p>\r\n</li>\r\n</ol>\r\n<hr>\r\n<h3><strong>2. Параметрическое проектирование</strong></h3>\r\n<p class="ds-markdown-paragraph">Параметризация позволяет автоматизировать изменения модели через переменные и формулы. Это критически важно для типовых изделий и адаптации проектов под разные условия.</p>\r\n<h4><strong>2.1. Назначение переменных</strong></h4>\r\n<ul>\r\n<li>\r\n<p class="ds-markdown-paragraph"><strong>T-FLEX CAD</strong>:</p>\r\n<ul>\r\n<li>\r\n<p class="ds-markdown-paragraph">Таблица параметров: Создайте переменные (<code>Диаметр_отверстия</code>,&nbsp;<code>Толщина_стенки</code>).</p>\r\n</li>\r\n<li>\r\n<p class="ds-markdown-paragraph">Формулы:&nbsp;<code>Диаметр_отверстия = Толщина_стенки * 1.5</code>.</p>\r\n</li>\r\n</ul>\r\n</li>\r\n<li>\r\n<p class="ds-markdown-paragraph"><strong>КОМПАС-3D</strong>:</p>\r\n<ul>\r\n<li>\r\n<p class="ds-markdown-paragraph">&laquo;Менеджер переменных&raquo;: связывание размеров через выражения (например,&nbsp;<code>Длина = Ширина + 10</code>).</p>\r\n</li>\r\n</ul>\r\n</li>\r\n</ul>\r\n<h4><strong>Таблица 1. Пример параметризации резьбового соединения</strong></h4>\r\n<div class="markdown-table-wrapper">\r\n<table>\r\n<thead>\r\n<tr>\r\n<th><strong>Параметр</strong></th>\r\n<th><strong>Формула в T-FLEX CAD</strong></th>\r\n<th><strong>Результат при изменении</strong></th>\r\n</tr>\r\n</thead>\r\n<tbody>\r\n<tr>\r\n<td>Диаметр болта (D)</td>\r\n<td><code>D = 10 мм</code>&nbsp;(базовый)</td>\r\n<td>Все связанные отверстия обновятся</td>\r\n</tr>\r\n<tr>\r\n<td>Шаг резьбы (P)</td>\r\n<td><code>P = D / 10</code></td>\r\n<td>Резьба автоматически перестраивается</td>\r\n</tr>\r\n<tr>\r\n<td>Длина болта (L)</td>\r\n<td><code>L = 5 * D</code></td>\r\n<td>Длина увеличивается пропорционально</td>\r\n</tr>\r\n</tbody>\r\n</table>\r\n</div>\r\n<h4><strong>2.2. Условные зависимости</strong></h4>\r\n<ul>\r\n<li>\r\n<p class="ds-markdown-paragraph"><strong>Лоцман-SDM</strong>:</p>\r\n<ul>\r\n<li>\r\n<p class="ds-markdown-paragraph">Условия:&nbsp;<code>Если (Толщина &gt; 5 мм), то Диаметр_отверстия = 8 мм, иначе 5 мм</code>.</p>\r\n</li>\r\n</ul>\r\n</li>\r\n<li>\r\n<p class="ds-markdown-paragraph"><strong>Renga Architecture</strong>:</p>\r\n<ul>\r\n<li>\r\n<p class="ds-markdown-paragraph">Параметры окон: Ширина, высота и количество стекол меняются автоматически при выборе типа окна.</p>\r\n</li>\r\n</ul>\r\n</li>\r\n</ul>\r\n<hr>\r\n<h3><strong>3. Сборки и кинематический анализ</strong></h3>\r\n<p class="ds-markdown-paragraph">Сборка &mdash; объединение компонентов в единый узел с заданными сопряжениями. Кинематический анализ проверяет движение частей механизма.</p>\r\n<h4><strong>3.1. Типы сопряжений</strong></h4>\r\n<div class="markdown-table-wrapper">\r\n<table>\r\n<thead>\r\n<tr>\r\n<th><strong>Сопряжение</strong></th>\r\n<th><strong>Описание</strong></th>\r\n<th><strong>Пример применения</strong></th>\r\n</tr>\r\n</thead>\r\n<tbody>\r\n<tr>\r\n<td><strong>Совпадение</strong></td>\r\n<td>Оси или плоскости компонентов совпадают</td>\r\n<td>Установка подшипника на вал</td>\r\n</tr>\r\n<tr>\r\n<td><strong>Параллельность</strong></td>\r\n<td>Оси/грани остаются параллельными</td>\r\n<td>Крепление пластин в раме</td>\r\n</tr>\r\n<tr>\r\n<td><strong>Расстояние</strong></td>\r\n<td>Фиксированный зазор между объектами</td>\r\n<td>Зазор между шестернями</td>\r\n</tr>\r\n<tr>\r\n<td><strong>Угол</strong></td>\r\n<td>Ориентация под заданным углом</td>\r\n<td>Поворот рычага в механизме</td>\r\n</tr>\r\n</tbody>\r\n</table>\r\n</div>\r\n<h4><strong>3.2. Кинематика в T-FLEX CAD</strong></h4>\r\n<ol start="1">\r\n<li>\r\n<p class="ds-markdown-paragraph">Создайте сборку редуктора: вал, шестерни, корпус.</p>\r\n</li>\r\n<li>\r\n<p class="ds-markdown-paragraph">Назначьте сопряжения:</p>\r\n<ul>\r\n<li>\r\n<p class="ds-markdown-paragraph">Совпадение осей вала и шестерни.</p>\r\n</li>\r\n<li>\r\n<p class="ds-markdown-paragraph">Угловая зависимость между шестернями.</p>\r\n</li>\r\n</ul>\r\n</li>\r\n<li>\r\n<p class="ds-markdown-paragraph">Запустите анимацию: Задайте вращение вала &rarr; шестерни двигаются синхронно.</p>\r\n</li>\r\n</ol>\r\n<h4><strong>3.3. Проверка на коллизии</strong></h4>\r\n<ul>\r\n<li>\r\n<p class="ds-markdown-paragraph"><strong>КОМПАС-3D</strong>: Инструмент &laquo;Проверка пересечений&raquo; выделяет конфликтующие детали красным.</p>\r\n</li>\r\n<li>\r\n<p class="ds-markdown-paragraph"><strong>Лоцман-SDM</strong>: Автоматический расчет зазоров в узлах сложной формы (например, судовые двигатели).</p>\r\n</li>\r\n</ul>\r\n<hr>\r\n<h3><strong>4. Генерация документации</strong></h3>\r\n<p class="ds-markdown-paragraph">Из 3D-модели автоматически создаются чертежи, спецификации и инструкции.</p>\r\n<h4><strong>4.1. Спецификации</strong></h4>\r\n<div class="markdown-table-wrapper">\r\n<table>\r\n<thead>\r\n<tr>\r\n<th><strong>Система</strong></th>\r\n<th><strong>Генерация спецификаций</strong></th>\r\n<th><strong>Настройка</strong></th>\r\n</tr>\r\n</thead>\r\n<tbody>\r\n<tr>\r\n<td><strong>КОМПАС-3D</strong></td>\r\n<td>&laquo;Автоспецификация&raquo; по ГОСТ 2.106-96</td>\r\n<td>Добавление граф &laquo;Материал&raquo;, &laquo;Масса&raquo;</td>\r\n</tr>\r\n<tr>\r\n<td><strong>T-FLEX CAD</strong></td>\r\n<td>Экспорт в Excel или XML</td>\r\n<td>Пользовательские шаблоны столбцов</td>\r\n</tr>\r\n<tr>\r\n<td><strong>Renga</strong></td>\r\n<td>Спецификации для BIM-моделей (окна, двери)</td>\r\n<td>Фильтрация по категориям объектов</td>\r\n</tr>\r\n</tbody>\r\n</table>\r\n</div>\r\n<h4><strong>4.2. Пример: чертеж шестерни в КОМПАС-3Д</strong></h4>\r\n<ol start="1">\r\n<li>\r\n<p class="ds-markdown-paragraph">Откройте 3D-модель шестерни.</p>\r\n</li>\r\n<li>\r\n<p class="ds-markdown-paragraph">Перейдите в &laquo;Чертеж&raquo; &rarr; &laquo;Создать вид&raquo; (фронтальная и профильная проекции).</p>\r\n</li>\r\n<li>\r\n<p class="ds-markdown-paragraph">Добавьте разрезы для отображения зубьев.</p>\r\n</li>\r\n<li>\r\n<p class="ds-markdown-paragraph">Нанесите размеры: модуль, диаметр, угол наклона зубьев.</p>\r\n</li>\r\n<li>\r\n<p class="ds-markdown-paragraph">Экспортируйте в PDF через &laquo;Файл&raquo; &rarr; &laquo;Печать&raquo;.</p>\r\n</li>\r\n</ol>\r\n<hr>\r\n<h3><strong>5. Интеграция с производством</strong></h3>\r\n<p class="ds-markdown-paragraph">3D-модели используются для ЧПУ-обработки, 3D-печати и управления данными в PLM-системах.</p>\r\n<h4><strong>5.1. Подготовка для ЧПУ</strong></h4>\r\n<div class="markdown-table-wrapper">\r\n<table>\r\n<thead>\r\n<tr>\r\n<th><strong>Действие</strong></th>\r\n<th><strong>КОМПАС-3D</strong></th>\r\n<th><strong>T-FLEX CAD</strong></th>\r\n</tr>\r\n</thead>\r\n<tbody>\r\n<tr>\r\n<td><strong>Экспорт в STL</strong></td>\r\n<td>&laquo;Файл&raquo; &rarr; &laquo;Сохранить как&raquo; &rarr; STL</td>\r\n<td>&laquo;Экспорт&raquo; &rarr; STL (выбор разрешения)</td>\r\n</tr>\r\n<tr>\r\n<td><strong>Генерация G-кода</strong></td>\r\n<td>Через CAM-модуль (например, SprutCAM)</td>\r\n<td>Встроенный постпроцессор для фрезерных станков</td>\r\n</tr>\r\n</tbody>\r\n</table>\r\n</div>\r\n<p class="ds-markdown-paragraph"><strong>Пример обработки вала на ЧПУ</strong>:</p>\r\n<ol start="1">\r\n<li>\r\n<p class="ds-markdown-paragraph">Экспортируйте модель в STEP.</p>\r\n</li>\r\n<li>\r\n<p class="ds-markdown-paragraph">Загрузите в CAM-систему.</p>\r\n</li>\r\n<li>\r\n<p class="ds-markdown-paragraph">Настройте траектории инструмента (черновая и чистовая обработка).</p>\r\n</li>\r\n<li>\r\n<p class="ds-markdown-paragraph">Сгенерируйте G-код для станка с ЧПУ.</p>\r\n</li>\r\n</ol>\r\n<h4><strong>5.2. 3D-печать</strong></h4>\r\n<ul>\r\n<li>\r\n<p class="ds-markdown-paragraph"><strong>Поддержка форматов</strong>: STL, 3MF.</p>\r\n</li>\r\n<li>\r\n<p class="ds-markdown-paragraph"><strong>Проверка модели</strong>:</p>\r\n<ul>\r\n<li>\r\n<p class="ds-markdown-paragraph"><strong>T-FLEX CAD</strong>: Анализ толщин стенок и опорных структур.</p>\r\n</li>\r\n<li>\r\n<p class="ds-markdown-paragraph"><strong>Лоцман-SDM</strong>: Автоматическое исправление неводонепроницаемых оболочек.</p>\r\n</li>\r\n</ul>\r\n</li>\r\n</ul>\r\n<hr>\r\n<h3><strong>6. Проблемы и решения при параметризации</strong></h3>\r\n<div class="markdown-table-wrapper">\r\n<table>\r\n<thead>\r\n<tr>\r\n<th><strong>Проблема</strong></th>\r\n<th><strong>Причина</strong></th>\r\n<th><strong>Решение</strong></th>\r\n</tr>\r\n</thead>\r\n<tbody>\r\n<tr>\r\n<td>Модель не обновляется при изменении переменных</td>\r\n<td>Ошибка в формуле или циклическая зависимость</td>\r\n<td>Проверьте синтаксис формул в таблице параметров</td>\r\n</tr>\r\n<tr>\r\n<td>Сборка &laquo;разваливается&raquo; при анимации</td>\r\n<td>Неверно заданные сопряжения</td>\r\n<td>Переопределите сопряжения с точными ограничениями</td>\r\n</tr>\r\n<tr>\r\n<td>Низкая производительность</td>\r\n<td>Сложные параметрические зависимости</td>\r\n<td>Упростите формулы, используйте локальные переменные</td>\r\n</tr>\r\n</tbody>\r\n</table>\r\n</div>\r\n<hr>\r\n<h3><strong>7. Сравнение возможностей CAD-систем</strong></h3>\r\n<div class="markdown-table-wrapper">\r\n<table>\r\n<thead>\r\n<tr>\r\n<th><strong>Функция</strong></th>\r\n<th><strong>КОМПАС-3D</strong></th>\r\n<th><strong>T-FLEX CAD</strong></th>\r\n<th><strong>Renga</strong></th>\r\n<th><strong>Лоцман-SDM</strong></th>\r\n</tr>\r\n</thead>\r\n<tbody>\r\n<tr>\r\n<td><strong>Параметризация</strong></td>\r\n<td>Средняя</td>\r\n<td>Высокая</td>\r\n<td>Низкая</td>\r\n<td>Высокая</td>\r\n</tr>\r\n<tr>\r\n<td><strong>Библиотеки ГОСТ</strong></td>\r\n<td>Да</td>\r\n<td>Частично</td>\r\n<td>Нет</td>\r\n<td>Да</td>\r\n</tr>\r\n<tr>\r\n<td><strong>Кинематический анализ</strong></td>\r\n<td>Да</td>\r\n<td>Да</td>\r\n<td>Нет</td>\r\n<td>Да</td>\r\n</tr>\r\n<tr>\r\n<td><strong>Интеграция с CAM</strong></td>\r\n<td>Через модули</td>\r\n<td>Встроенная</td>\r\n<td>Нет</td>\r\n<td>Через API</td>\r\n</tr>\r\n</tbody>\r\n</table>\r\n</div>\r\n<p>&nbsp;</p>	Проектирование и параметризация 3D-моделей
\.


--
-- Data for Name: Courses; Type: TABLE DATA; Schema: public; Owner: postgres
--

COPY public."Courses" ("Id", "Title", "Description", "NumQuestions", "MinResult") FROM stdin;
4	Энергосберегающие технологии на ТЭЦ	Изучение современных энергосберегающих технологий для ТЭЦ. Повышение эффективности, снижение затрат и воздействия на окружающую среду.	5	60
5	Техническое обслуживание и ремонт тепловых сетей	Курс по техническому обслуживанию и ремонту тепловых сетей. Диагностика, устранение неисправностей, применение новых материалов и технологий	5	60
7	Экологическая безопасность в теплоэнергетике	Практика экологической безопасности в теплоэнергетике. Методы контроля, предотвращение загрязнений, управление отходами	5	60
8	Практикум использования CAD-систем	Практический курс по CAD-системам. Создание чертежей, 3D-моделирование, техническое проектирование. Работа в современных программах	5	60
6	Особенности тарифообразования в теплоснабжении	Особенности тарифообразования в теплоснабжении. Нормативная база, методы расчета, регулирование тарифов.	4	60
\.


--
-- Data for Name: Departments; Type: TABLE DATA; Schema: public; Owner: postgres
--

COPY public."Departments" ("Id", "Title", "Head", "PhoneNumber") FROM stdin;
1	Отдел информационных техологий	Иванов Иван Алексеевич	+7-4812-99-99-99
4	Производственно-технический отдел	Макаров Иван Владимирович	+7-4812-34-11-26
5	Служба материально-технического обеспечения	Козлов Евгений Романович	+7-4812-90-80-70
6	Ремонтно-эксплуатационный цех	Тимуров Валерий Петрович	+7-4812-32-38-45
7	Планово-экономический отдел	Смирнова Мария Ивановна	+7-4812-34-22-11
8	Служба управления персоналом	Романов Евгений Николаевич	+7-4812-90-90-40
\.


--
-- Data for Name: Questions; Type: TABLE DATA; Schema: public; Owner: postgres
--

COPY public."Questions" ("Id", "CourseId", "Wording") FROM stdin;
25	8	Что позволяет автоматически создать инструмент «Автоспецификация» в КОМПАС-3D?
5	4	Что повышает общий КПД ТЭЦ по сравнению с конденсационными электростанциями?
6	4	Какой документ регулирует энергосбережение на ТЭЦ в России?
7	4	Какая технология позволяет повысить КПД ТЭЦ до 60–62%?
8	4	Для чего используются рекуператоры на ТЭЦ?
9	4	Какой процент тепловой нагрузки может покрыть солнечный коллектор на ТЭЦ в летний период?
10	4	Что позволяет хранить система на основе расплавленной соли?
11	4	Что такое «цифровой двойник» оборудования?
12	5	Какой метод диагностики наиболее эффективен для обнаружения скрытых утечек в подземных теплотрассах?
13	5	Какой материал чаще всего применяется для бестраншейного ремонта методом CIPP?
14	5	Что регулирует динамическая балансировка в тепловых сетях?
15	5	Для чего применяются BIM-технологии в теплоснабжении?
16	5	Какие данные используются для предиктивного обслуживания теплосетей?
17	6	Какой документ вводит долгосрочное тарифное регулирование (на 5–7 лет) для теплоснабжающих организаций?
18	6	Какая статья затрат НЕ включается в тариф при использовании затратного подхода?
19	6	При сравнительном анализе тарифов в разных регионах что НЕ является ключевым параметром?
20	6	Что из перечисленного является основной проблемой затратного метода тарифообразования?
21	6	Какая из перечисленных мер НЕ относится к перспективам развития тарифообразования?
22	8	Какой инструмент в T-FLEX CAD позволяет связать диаметр отверстия с толщиной стенки детали через формулу?
23	8	Какое сопряжение используется для фиксации зазора между шестернями в сборке редуктора?
24	8	Какой формат файла НЕ используется для генерации G-кода для ЧПУ-станков?
26	8	Какая проблема возникает при ошибке в формуле параметризации?
\.


--
-- Data for Name: WorkerPositions; Type: TABLE DATA; Schema: public; Owner: postgres
--

COPY public."WorkerPositions" ("Id", "Title") FROM stdin;
1	Инженер-программист
3	Руководитель отдела
4	Экономист 1-й категории
5	Экономист 2-й категории
6	Специалист по планированию
7	Техник
8	Инженер 1-й категории
9	Инженер 2-й категории
10	Инженер 3-й категории
11	Специалист по снабжению
12	HR-специалист
\.


--
-- Data for Name: Workers; Type: TABLE DATA; Schema: public; Owner: postgres
--

COPY public."Workers" ("Id", "Name", "DateBirth", "PhoneNumber", "DepartmentId", "WorkerPositionId", "UserId") FROM stdin;
1	Моторико Владимир Дмитриевич	2003-07-20	+7-999-999-99-99	1	1	a1234b56-789c-0def-1234-567890abcdef
4	Романов Евгений Николаевич	1975-12-12	+7-912-323-43-22	8	3	feb45b2a-4564-4816-82d5-2b31b2e73852
5	Светлова Мария Ивановна	1999-02-11	+7-933-983-11-22	8	12	4abee86c-08f9-4c22-992b-fa2a34dcacb6
6	Зайцев Роман Владимирович	1985-07-20	+7-945-323-54-21	4	8	8ed02c07-9747-436c-a25e-f32b8fc0efe1
7	Волкова Екатерина Павловна	2000-01-20	+7-945-221-09-81	5	6	7a2a1716-4eb4-4ab1-a375-0e15a19ae229
8	Петренко Олег Николаевич	1967-01-28	+7-911-323-43-09	6	9	4ec887b7-6462-4cad-b69a-69afccf3f9ac
9	Егоров Павел Андреевич	1994-08-21	+7-983-650-22-91	7	4	0c897460-de12-48d6-8b42-8e25fbdf6982
10	Белов Артём Иванович	1990-05-25	+7-911-320-54-11	4	7	d0dd6dd7-c004-4b3c-8e91-efcfe8b9b8d6
11	Николаев Юрий Алексеевич	1984-04-11	+7-943-222-13-75	4	10	86180ada-fc95-44c1-9693-fd70745c0454
\.


--
-- Data for Name: __EFMigrationsHistory; Type: TABLE DATA; Schema: public; Owner: postgres
--

COPY public."__EFMigrationsHistory" ("MigrationId", "ProductVersion") FROM stdin;
20250430134351__final	9.0.4
20250430135611__alternativa	9.0.4
20250502121827__AddTitleToCourseContent	9.0.4
\.


--
-- Name: Answers_Id_seq; Type: SEQUENCE SET; Schema: public; Owner: postgres
--

SELECT pg_catalog.setval('public."Answers_Id_seq"', 92, true);


--
-- Name: AspNetRoleClaims_Id_seq; Type: SEQUENCE SET; Schema: public; Owner: postgres
--

SELECT pg_catalog.setval('public."AspNetRoleClaims_Id_seq"', 1, false);


--
-- Name: AspNetUserClaims_Id_seq; Type: SEQUENCE SET; Schema: public; Owner: postgres
--

SELECT pg_catalog.setval('public."AspNetUserClaims_Id_seq"', 1, false);


--
-- Name: CourseCompletions_Id_seq; Type: SEQUENCE SET; Schema: public; Owner: postgres
--

SELECT pg_catalog.setval('public."CourseCompletions_Id_seq"', 22, true);


--
-- Name: CourseContents_Id_seq; Type: SEQUENCE SET; Schema: public; Owner: postgres
--

SELECT pg_catalog.setval('public."CourseContents_Id_seq"', 26, true);


--
-- Name: Courses_Id_seq; Type: SEQUENCE SET; Schema: public; Owner: postgres
--

SELECT pg_catalog.setval('public."Courses_Id_seq"', 9, true);


--
-- Name: Departments_Id_seq; Type: SEQUENCE SET; Schema: public; Owner: postgres
--

SELECT pg_catalog.setval('public."Departments_Id_seq"', 12, true);


--
-- Name: Questions_Id_seq; Type: SEQUENCE SET; Schema: public; Owner: postgres
--

SELECT pg_catalog.setval('public."Questions_Id_seq"', 26, true);


--
-- Name: WorkerPositions_Id_seq; Type: SEQUENCE SET; Schema: public; Owner: postgres
--

SELECT pg_catalog.setval('public."WorkerPositions_Id_seq"', 13, true);


--
-- Name: Workers_Id_seq; Type: SEQUENCE SET; Schema: public; Owner: postgres
--

SELECT pg_catalog.setval('public."Workers_Id_seq"', 14, true);


--
-- Name: Answers PK_Answers; Type: CONSTRAINT; Schema: public; Owner: postgres
--

ALTER TABLE ONLY public."Answers"
    ADD CONSTRAINT "PK_Answers" PRIMARY KEY ("Id");


--
-- Name: AspNetRoleClaims PK_AspNetRoleClaims; Type: CONSTRAINT; Schema: public; Owner: postgres
--

ALTER TABLE ONLY public."AspNetRoleClaims"
    ADD CONSTRAINT "PK_AspNetRoleClaims" PRIMARY KEY ("Id");


--
-- Name: AspNetRoles PK_AspNetRoles; Type: CONSTRAINT; Schema: public; Owner: postgres
--

ALTER TABLE ONLY public."AspNetRoles"
    ADD CONSTRAINT "PK_AspNetRoles" PRIMARY KEY ("Id");


--
-- Name: AspNetUserClaims PK_AspNetUserClaims; Type: CONSTRAINT; Schema: public; Owner: postgres
--

ALTER TABLE ONLY public."AspNetUserClaims"
    ADD CONSTRAINT "PK_AspNetUserClaims" PRIMARY KEY ("Id");


--
-- Name: AspNetUserLogins PK_AspNetUserLogins; Type: CONSTRAINT; Schema: public; Owner: postgres
--

ALTER TABLE ONLY public."AspNetUserLogins"
    ADD CONSTRAINT "PK_AspNetUserLogins" PRIMARY KEY ("LoginProvider", "ProviderKey");


--
-- Name: AspNetUserRoles PK_AspNetUserRoles; Type: CONSTRAINT; Schema: public; Owner: postgres
--

ALTER TABLE ONLY public."AspNetUserRoles"
    ADD CONSTRAINT "PK_AspNetUserRoles" PRIMARY KEY ("UserId", "RoleId");


--
-- Name: AspNetUserTokens PK_AspNetUserTokens; Type: CONSTRAINT; Schema: public; Owner: postgres
--

ALTER TABLE ONLY public."AspNetUserTokens"
    ADD CONSTRAINT "PK_AspNetUserTokens" PRIMARY KEY ("UserId", "LoginProvider", "Name");


--
-- Name: AspNetUsers PK_AspNetUsers; Type: CONSTRAINT; Schema: public; Owner: postgres
--

ALTER TABLE ONLY public."AspNetUsers"
    ADD CONSTRAINT "PK_AspNetUsers" PRIMARY KEY ("Id");


--
-- Name: CourseCompletions PK_CourseCompletions; Type: CONSTRAINT; Schema: public; Owner: postgres
--

ALTER TABLE ONLY public."CourseCompletions"
    ADD CONSTRAINT "PK_CourseCompletions" PRIMARY KEY ("Id");


--
-- Name: CourseContents PK_CourseContents; Type: CONSTRAINT; Schema: public; Owner: postgres
--

ALTER TABLE ONLY public."CourseContents"
    ADD CONSTRAINT "PK_CourseContents" PRIMARY KEY ("Id");


--
-- Name: Courses PK_Courses; Type: CONSTRAINT; Schema: public; Owner: postgres
--

ALTER TABLE ONLY public."Courses"
    ADD CONSTRAINT "PK_Courses" PRIMARY KEY ("Id");


--
-- Name: Departments PK_Departments; Type: CONSTRAINT; Schema: public; Owner: postgres
--

ALTER TABLE ONLY public."Departments"
    ADD CONSTRAINT "PK_Departments" PRIMARY KEY ("Id");


--
-- Name: Questions PK_Questions; Type: CONSTRAINT; Schema: public; Owner: postgres
--

ALTER TABLE ONLY public."Questions"
    ADD CONSTRAINT "PK_Questions" PRIMARY KEY ("Id");


--
-- Name: WorkerPositions PK_WorkerPositions; Type: CONSTRAINT; Schema: public; Owner: postgres
--

ALTER TABLE ONLY public."WorkerPositions"
    ADD CONSTRAINT "PK_WorkerPositions" PRIMARY KEY ("Id");


--
-- Name: Workers PK_Workers; Type: CONSTRAINT; Schema: public; Owner: postgres
--

ALTER TABLE ONLY public."Workers"
    ADD CONSTRAINT "PK_Workers" PRIMARY KEY ("Id");


--
-- Name: __EFMigrationsHistory PK___EFMigrationsHistory; Type: CONSTRAINT; Schema: public; Owner: postgres
--

ALTER TABLE ONLY public."__EFMigrationsHistory"
    ADD CONSTRAINT "PK___EFMigrationsHistory" PRIMARY KEY ("MigrationId");


--
-- Name: EmailIndex; Type: INDEX; Schema: public; Owner: postgres
--

CREATE INDEX "EmailIndex" ON public."AspNetUsers" USING btree ("NormalizedEmail");


--
-- Name: IX_Answers_QuestionId; Type: INDEX; Schema: public; Owner: postgres
--

CREATE INDEX "IX_Answers_QuestionId" ON public."Answers" USING btree ("QuestionId");


--
-- Name: IX_AspNetRoleClaims_RoleId; Type: INDEX; Schema: public; Owner: postgres
--

CREATE INDEX "IX_AspNetRoleClaims_RoleId" ON public."AspNetRoleClaims" USING btree ("RoleId");


--
-- Name: IX_AspNetUserClaims_UserId; Type: INDEX; Schema: public; Owner: postgres
--

CREATE INDEX "IX_AspNetUserClaims_UserId" ON public."AspNetUserClaims" USING btree ("UserId");


--
-- Name: IX_AspNetUserLogins_UserId; Type: INDEX; Schema: public; Owner: postgres
--

CREATE INDEX "IX_AspNetUserLogins_UserId" ON public."AspNetUserLogins" USING btree ("UserId");


--
-- Name: IX_AspNetUserRoles_RoleId; Type: INDEX; Schema: public; Owner: postgres
--

CREATE INDEX "IX_AspNetUserRoles_RoleId" ON public."AspNetUserRoles" USING btree ("RoleId");


--
-- Name: IX_CourseCompletions_CourseId; Type: INDEX; Schema: public; Owner: postgres
--

CREATE INDEX "IX_CourseCompletions_CourseId" ON public."CourseCompletions" USING btree ("CourseId");


--
-- Name: IX_CourseCompletions_WorkerId; Type: INDEX; Schema: public; Owner: postgres
--

CREATE INDEX "IX_CourseCompletions_WorkerId" ON public."CourseCompletions" USING btree ("WorkerId");


--
-- Name: IX_CourseContents_CourseId; Type: INDEX; Schema: public; Owner: postgres
--

CREATE INDEX "IX_CourseContents_CourseId" ON public."CourseContents" USING btree ("CourseId");


--
-- Name: IX_Questions_CourseId; Type: INDEX; Schema: public; Owner: postgres
--

CREATE INDEX "IX_Questions_CourseId" ON public."Questions" USING btree ("CourseId");


--
-- Name: IX_Workers_DepartmentId; Type: INDEX; Schema: public; Owner: postgres
--

CREATE INDEX "IX_Workers_DepartmentId" ON public."Workers" USING btree ("DepartmentId");


--
-- Name: IX_Workers_UserId; Type: INDEX; Schema: public; Owner: postgres
--

CREATE INDEX "IX_Workers_UserId" ON public."Workers" USING btree ("UserId");


--
-- Name: IX_Workers_WorkerPositionId; Type: INDEX; Schema: public; Owner: postgres
--

CREATE INDEX "IX_Workers_WorkerPositionId" ON public."Workers" USING btree ("WorkerPositionId");


--
-- Name: RoleNameIndex; Type: INDEX; Schema: public; Owner: postgres
--

CREATE UNIQUE INDEX "RoleNameIndex" ON public."AspNetRoles" USING btree ("NormalizedName");


--
-- Name: UserNameIndex; Type: INDEX; Schema: public; Owner: postgres
--

CREATE UNIQUE INDEX "UserNameIndex" ON public."AspNetUsers" USING btree ("NormalizedUserName");


--
-- Name: Answers FK_Answers_Questions_QuestionId; Type: FK CONSTRAINT; Schema: public; Owner: postgres
--

ALTER TABLE ONLY public."Answers"
    ADD CONSTRAINT "FK_Answers_Questions_QuestionId" FOREIGN KEY ("QuestionId") REFERENCES public."Questions"("Id") ON DELETE CASCADE;


--
-- Name: AspNetRoleClaims FK_AspNetRoleClaims_AspNetRoles_RoleId; Type: FK CONSTRAINT; Schema: public; Owner: postgres
--

ALTER TABLE ONLY public."AspNetRoleClaims"
    ADD CONSTRAINT "FK_AspNetRoleClaims_AspNetRoles_RoleId" FOREIGN KEY ("RoleId") REFERENCES public."AspNetRoles"("Id") ON DELETE CASCADE;


--
-- Name: AspNetUserClaims FK_AspNetUserClaims_AspNetUsers_UserId; Type: FK CONSTRAINT; Schema: public; Owner: postgres
--

ALTER TABLE ONLY public."AspNetUserClaims"
    ADD CONSTRAINT "FK_AspNetUserClaims_AspNetUsers_UserId" FOREIGN KEY ("UserId") REFERENCES public."AspNetUsers"("Id") ON DELETE CASCADE;


--
-- Name: AspNetUserLogins FK_AspNetUserLogins_AspNetUsers_UserId; Type: FK CONSTRAINT; Schema: public; Owner: postgres
--

ALTER TABLE ONLY public."AspNetUserLogins"
    ADD CONSTRAINT "FK_AspNetUserLogins_AspNetUsers_UserId" FOREIGN KEY ("UserId") REFERENCES public."AspNetUsers"("Id") ON DELETE CASCADE;


--
-- Name: AspNetUserRoles FK_AspNetUserRoles_AspNetRoles_RoleId; Type: FK CONSTRAINT; Schema: public; Owner: postgres
--

ALTER TABLE ONLY public."AspNetUserRoles"
    ADD CONSTRAINT "FK_AspNetUserRoles_AspNetRoles_RoleId" FOREIGN KEY ("RoleId") REFERENCES public."AspNetRoles"("Id") ON DELETE CASCADE;


--
-- Name: AspNetUserRoles FK_AspNetUserRoles_AspNetUsers_UserId; Type: FK CONSTRAINT; Schema: public; Owner: postgres
--

ALTER TABLE ONLY public."AspNetUserRoles"
    ADD CONSTRAINT "FK_AspNetUserRoles_AspNetUsers_UserId" FOREIGN KEY ("UserId") REFERENCES public."AspNetUsers"("Id") ON DELETE CASCADE;


--
-- Name: AspNetUserTokens FK_AspNetUserTokens_AspNetUsers_UserId; Type: FK CONSTRAINT; Schema: public; Owner: postgres
--

ALTER TABLE ONLY public."AspNetUserTokens"
    ADD CONSTRAINT "FK_AspNetUserTokens_AspNetUsers_UserId" FOREIGN KEY ("UserId") REFERENCES public."AspNetUsers"("Id") ON DELETE CASCADE;


--
-- Name: CourseCompletions FK_CourseCompletions_Courses_CourseId; Type: FK CONSTRAINT; Schema: public; Owner: postgres
--

ALTER TABLE ONLY public."CourseCompletions"
    ADD CONSTRAINT "FK_CourseCompletions_Courses_CourseId" FOREIGN KEY ("CourseId") REFERENCES public."Courses"("Id") ON DELETE CASCADE;


--
-- Name: CourseCompletions FK_CourseCompletions_Workers_WorkerId; Type: FK CONSTRAINT; Schema: public; Owner: postgres
--

ALTER TABLE ONLY public."CourseCompletions"
    ADD CONSTRAINT "FK_CourseCompletions_Workers_WorkerId" FOREIGN KEY ("WorkerId") REFERENCES public."Workers"("Id") ON DELETE CASCADE;


--
-- Name: CourseContents FK_CourseContents_Courses_CourseId; Type: FK CONSTRAINT; Schema: public; Owner: postgres
--

ALTER TABLE ONLY public."CourseContents"
    ADD CONSTRAINT "FK_CourseContents_Courses_CourseId" FOREIGN KEY ("CourseId") REFERENCES public."Courses"("Id") ON DELETE CASCADE;


--
-- Name: Questions FK_Questions_Courses_CourseId; Type: FK CONSTRAINT; Schema: public; Owner: postgres
--

ALTER TABLE ONLY public."Questions"
    ADD CONSTRAINT "FK_Questions_Courses_CourseId" FOREIGN KEY ("CourseId") REFERENCES public."Courses"("Id") ON DELETE CASCADE;


--
-- Name: Workers FK_Workers_AspNetUsers_UserId; Type: FK CONSTRAINT; Schema: public; Owner: postgres
--

ALTER TABLE ONLY public."Workers"
    ADD CONSTRAINT "FK_Workers_AspNetUsers_UserId" FOREIGN KEY ("UserId") REFERENCES public."AspNetUsers"("Id");


--
-- Name: Workers FK_Workers_Departments_DepartmentId; Type: FK CONSTRAINT; Schema: public; Owner: postgres
--

ALTER TABLE ONLY public."Workers"
    ADD CONSTRAINT "FK_Workers_Departments_DepartmentId" FOREIGN KEY ("DepartmentId") REFERENCES public."Departments"("Id") ON DELETE CASCADE;


--
-- Name: Workers FK_Workers_WorkerPositions_WorkerPositionId; Type: FK CONSTRAINT; Schema: public; Owner: postgres
--

ALTER TABLE ONLY public."Workers"
    ADD CONSTRAINT "FK_Workers_WorkerPositions_WorkerPositionId" FOREIGN KEY ("WorkerPositionId") REFERENCES public."WorkerPositions"("Id") ON DELETE CASCADE;


--
-- Name: SCHEMA public; Type: ACL; Schema: -; Owner: pg_database_owner
--

REVOKE USAGE ON SCHEMA public FROM PUBLIC;
GRANT ALL ON SCHEMA public TO postgres;
GRANT ALL ON SCHEMA public TO PUBLIC;


--
-- PostgreSQL database dump complete
--

